stockID,title,date,content,source,url,id
1216,蘋果可能意外洩露M4 MacBook Pro規格配置，最高配備28GB統一記憶體,2024-10-21,"過去幾週對蘋果公司來說並不好過。在該公司準備最終推出M4 MacBook Pro 系列產品的過程中，一系列廣泛的洩密事件披露了大量細節。
過去幾週對蘋果公司來說並不好過。在該公司準備最終推出M4 MacBook Pro 系列產品的過程中，一系列廣泛的洩密事件披露了大量細節。
不過，先前披露的只是基本型號的資訊，其餘規格的資訊一直還不清楚，但現在該公司似乎無意中洩露了較小的 14 英吋 M4 MacBook Pro 的規格，顯示基本型號可以搭配更多記憶體。
Reddit 用戶 Yunseok-12 在Google上…",Techbang.com,https://www.techbang.com/posts/119022-apple-may-have-accidentally-leaked-the-specifications-of-the,731
2317,BMW、Google、NVIDIA 高層將出席鴻海科技日，但那個男人還未定,2024-10-02,鴻海科技日即將於下週登場，除了自家成果發展外，重量級大廠也將參與科技論壇，不過眾所矚目的「那個男人」目前還未確認是否出席。 鴻海表示，下週登場的科技日論壇上，將有來自 BMW、Google 和 NVIDIA 的執行高層參與，共同發表關於人工智慧、電動車和數位醫療等主題演講。 過去兩年的鴻海科技日焦點...,Technews.tw,https://technews.tw/2024/10/02/bmw-nvidia-google-exec-attend-foxconn-forum/,653
2317,GB200來了 鴻海幾元可買？ 「先攻200元 270有望」 奇鋐川湖等4檔分吃大餅,2024-10-06,美股上周五創新高，台股今天早盤一度漲逾3百點，全球AI龍頭廠輝達執行長黃仁勳上周透露，Blackwell架構AI晶片「市場需求很瘋狂」，輝達重要夥伴鴻海明天(8日)將在南港展覽館舉行鴻海科技日，GB200伺服器將亮相，下月量產，鴻海早盤來到199元，距200元關卡僅一步之遙。,Yahoo Entertainment,https://tw.stock.yahoo.com/news/gb200%E4%BE%86%E4%BA%86-%E9%B4%BB%E6%B5%B7%E5%B9%BE%E5%85%83%E5%8F%AF%E8%B2%B7-%E5%85%88%E6%94%BB200%E5%85%83-270%E6%9C%89%E6%9C%9B-%E5%A5%87%E9%8B%90%E5%B7%9D%E6%B9%96%E7%AD%894%E6%AA%94%E5%88%86%E5%90%83%E5%A4%A7%E9%A4%85-040221966.html,693
2317,HHTD24 鴻海展出電動機車用固態電池模組，測試相容於 Gogoro、KYMCO Ionex 等電動車系統,2024-10-08,"自從台灣的電動車龍頭 Gogoro 於 2022 年宣布開發固態電池以來，許多車友都在期待更高性能與更高續航的電池投入能源系統之中。今年的 HHTD24 活動中，我們看到鴻海展出了他們的「電動二輪車用固態電池模組」。從外型看來，就很像是現在在台灣路上非常常見的換電電動車車箱裡所放的電池尺寸，而他們還真的是瞄準要符合這樣市場的標準。繼續閱讀 HHTD24 鴻海展出電動機車用固態電池模組，測試相容於 Gogoro、KYMCO Ionex 等電動車系統報導內文。
The post HHTD24 鴻海展出電動機車用固態電…",Kocpc.com.tw,https://www.kocpc.com.tw/archives/568944,658
2317,【Hot台股】鴻海強漲5%！網喊「真正的海是鴻海」 分析師揭噴出關鍵,2024-10-03,「今天海運霸主是鴻海」「航運 鴻海出航」「公公該回200了吧」「公公199我要換299公公」「99公公 199公公」「真正的海 鴻海」「鴻海怎麼又挖到石油」「鴻海今天不是航運股 今天的鴻海是中概股」,Yahoo Entertainment,https://tw.stock.yahoo.com/news/%E3%80%90hot%E5%8F%B0%E8%82%A1%E3%80%91%E9%B4%BB%E6%B5%B7%E5%BC%B7%E6%BC%B25%EF%BC%81%E7%B6%B2%E5%96%8A%E3%80%8C%E7%9C%9F%E6%AD%A3%E7%9A%84%E6%B5%B7%E6%98%AF%E9%B4%BB%E6%B5%B7%E3%80%8D-%E5%88%86%E6%9E%90%E5%B8%AB%E6%8F%AD%E5%99%B4%E5%87%BA%E9%97%9C%E9%8D%B5-033322073.html,659
2317,iPhone 16加持 鴻海、大立光Q3營收創新高,2024-10-05,iPhone 16拉貨動能強勁，供應鏈同步吃補，鴻海、大立光今年第三季均創單季新高，展望第四季，鴻海營運有望逐季加溫，大...,Yahoo Entertainment,https://tw.news.yahoo.com/iphone-16%E5%8A%A0%E6%8C%81-%E9%B4%BB%E6%B5%B7-%E5%A4%A7%E7%AB%8B%E5%85%89q3%E7%87%9F%E6%94%B6%E5%89%B5%E6%96%B0%E9%AB%98-223243391.html,690
2317,"iPhone 16 帶動，鴻海 9 月營收 7,330 億元、Q3 創歷年新高",2024-10-05,"鴻海稍早公布 9 月營收為 7,330 億元、月增 33.69%、年增 10.94%，為歷年同期次高；第三季營收為 1 兆 8,537 億、季增 19.46%、年增 20.15%，皆優於原先顯著成長的預期，為歷年同期新高。 鴻海指出，受惠於 9 月份新品發表，帶動該公司「消費智能產品類別」強勁成長；...",Technews.tw,https://finance.technews.tw/2024/10/05/foxconn-2024-q3/,654
2317,MIH 全新原型車款亮相鴻海科技日！豪華小巴 Model U 與奢華 MVP Model D 正式登場,2024-10-08,鴻海科技日發表兩款 MIH 電動車，分別是豪華小型巴士 Model U 和奢華 MVP 車型 Model D。Model D 續航力達 800 公里，支援 800V 充電，10 分鐘可補 350 公里續航。Model U 則主打空間利用，可依需求客製化內裝，從 4 人座到 21 人座小巴皆可。鴻海打造 MIH 車款採開源概念，讓不同廠商依需求客製化，Model U 正是此理念的最佳詮釋。,Inside.com.tw,https://www.inside.com.tw/article/36440-model-u-model-d,638
2317,WEF 燈塔工廠公佈鴻海集團再添2座　鴻海燈塔工廠累計達8座,2024-10-11,世界經濟論壇（WEF）於10 月 8 日公佈最新一批燈塔工廠名單，鴻海集團旗下工業富聯再添 2 座世界級燈塔工廠，位於越南北江省的廠區以大量運用 AI 技術，獲選成為越南國家首座燈塔工廠；而深圳觀瀾廠則以永續發展表現，拿下鴻海旗下第一座可持續燈塔工廠的稱號，一舉推升鴻海科技集團燈塔工廠累計總數達到8座。,Yahoo Entertainment,https://consent.yahoo.com/v2/collectConsent?sessionId=1_cc-session_e658aa19-8251-4d57-9338-8548ff143e0c,686
2317,一早被錢砸醒！鴻海「分紅獎金入袋」　增幅逾10％-20％,2024-09-29,鴻海秋季年度分紅獎金，今（30）日已匯入員工帳戶！鴻海今（2024）年股東會通過發放82.66億元的員工分紅，連續三年成長，員工分紅依照各單位和個人的績效表現進行分配，績效好的單位和員工分紅增幅可能超過10-20%。此外，鴻海還發放限量版「鴻海50週年員工專屬紀念悠遊卡」，並加碼6000元儲值金。,Yahoo Entertainment,https://tw.news.yahoo.com/%E6%97%A9%E8%A2%AB%E9%8C%A2%E7%A0%B8%E9%86%92-%E9%B4%BB%E6%B5%B7-%E5%88%86%E7%B4%85%E7%8D%8E%E9%87%91%E5%85%A5%E8%A2%8B-%E5%A2%9E%E5%B9%85%E9%80%BE10-20-030343499.html,697
2317,不只Modle D！鴻海科技日共2台電動新車將亮相,2024-09-30,鴻海（2317）今日舉行鴻海科技日展前記者會，分享鴻海科技日HHTD24即將展出的內容，除先前已在鴻海官方臉書透露的新款電動車Model D，今日記者會再度釋出Modle U，預計將在鴻海科技日讓兩台新開發的電動車問世。,Yahoo Entertainment,https://tw.stock.yahoo.com/news/%E4%B8%8D%E5%8F%AAmodle-d%EF%BC%81%E9%B4%BB%E6%B5%B7%E7%A7%91%E6%8A%80%E6%97%A5%E5%85%B12%E5%8F%B0%E9%9B%BB%E5%8B%95%E6%96%B0%E8%BB%8A%E5%B0%87%E4%BA%AE%E7%9B%B8-075454515.html,666
2317,不是黃仁勳？鴻海科技日神秘嘉賓竟是「他」,2024-10-07,[NOWnews今日新聞]鴻海科技日今（8）日盛大登場，外界關切輝達創辦人暨執行長黃仁勳是否將再次站台。鴻海董事長劉揚偉乘坐MODELC現身，身旁的竟是有「亞洲車神」之稱的陳和皇。第5屆鴻海科技日於8...,Yahoo Entertainment,https://consent.yahoo.com/v2/collectConsent?sessionId=1_cc-session_9ddb0c5a-3653-4e91-bb46-254c11c83348,681
2317,劉揚偉：鴻海成首個量產出貨 GB200 廠商，供應鏈準備好了！,2024-10-08,劉揚偉指出，鴻海將成為首個量產出貨搭載這些超級晶片的公司。,Inside.com.tw,https://www.inside.com.tw/article/36437-foxconn-gb200-nvdia,637
2317,〈台股開盤〉鴻海接棒點火、 IC設計助威 指數漲逾190點後走低,2024-10-20,〈台股開盤〉鴻海接力 IC 設計點火助威 早盤漲逾 190 點,Yahoo Entertainment,https://tw.stock.yahoo.com/news/%E5%8F%B0%E8%82%A1%E9%96%8B%E7%9B%A4-%E9%B4%BB%E6%B5%B7%E6%8E%A5%E6%A3%92%E9%BB%9E%E7%81%AB-ic%E8%A8%AD%E8%A8%88%E5%8A%A9%E5%A8%81-%E6%8C%87%E6%95%B8%E6%BC%B2%E9%80%BE190%E9%BB%9E%E5%BE%8C%E8%B5%B0%E4%BD%8E-014806969.html,704
2317,專家估海公公可奔這價位 鴻海集團這2檔有戲,2024-10-18,鴻海又漲回200元以上，今(18)日小跌1元，收在207.5元，比起其他檔AI概念股較為弱勢，不過財經專家阮慕驊認為，法人預估鴻海明年EPS15元，以本益比20倍計算的話，300元以下都是合理價格。阮...,Yahoo Entertainment,https://tw.news.yahoo.com/%E5%B0%88%E5%AE%B6%E4%BC%B0%E6%B5%B7%E5%85%AC%E5%85%AC%E5%8F%AF%E5%A5%94%E9%80%99%E5%83%B9%E4%BD%8D-%E9%B4%BB%E6%B5%B7%E9%9B%86%E5%9C%98%E9%80%992%E6%AA%94%E6%9C%89%E6%88%B2-102000167.html,706
2317,「很多人來敲門，對Model A都很有興趣」鴻海電動車出海，第一仗將在日本開打！為何小眾商業市場及大車廠，都可能是突破點？,2024-10-15,鴻海（2317）電動車策略在上路四年後，如今「出國比賽」的第一個成功機會，似乎今年將在日本實現，而非歐美國家。與大多數人猜想的可能略有不同，鴻海提出的電動車CDMS（委託設計與製造服務）模式，不僅極有可能年底前與兩家日本汽車製造商敲定合作關係，連計程車及物流或快遞業者等日本商用客戶，也有機會採用鴻海新開發的Model A概念車款。如果鴻海電動車能成功走出台灣，拿下第一個海外市場（客戶），對於亟思轉型的鴻海將是一股重要的強心針。,Yahoo Entertainment,https://consent.yahoo.com/v2/collectConsent?sessionId=1_cc-session_7e7292a8-e6fd-4cad-8ced-a146c4278129,701
2317,手機去毛刺就靠這台！鴻海自動化製造 Deburr X Robot 亮相,2024-10-08,近年來，鴻海強調旗下工廠將陸續導入自動化生產，要讓生產力再進一步提升，而在今日的鴻海科技日中，該公司也首度公開亮相雙臂去毛刺機器人 Deburr X Robot，這是由鴻海的戰略合作夥伴思靈所打造的自動化機器人。 鴻海董事長劉揚偉在致詞時就提到，現在 AI 已經深植於自動化中，而自動化就是代表生產力...,Technews.tw,https://finance.technews.tw/2024/10/08/hhtd24-deburr-x-robot/,648
2317,法拉利、賓士都是它客戶！鴻海新電動車Model D攜手賓尼拉利納操刀設計,2024-09-23,鴻海（2317）將推Model D，汽車設計攜手賓尼拉利納（Pininfarina）！鴻海今日深夜宣布全新電動車Model D，將在10月8、9日的鴻海科技日亮相，今日下午再宣布重磅消息，本次新款電動車Model D的汽車設計，是攜手設計多款賓士、法拉利車款的賓尼拉利納合作操刀。,Yahoo Entertainment,https://tw.stock.yahoo.com/news/%E6%B3%95%E6%8B%89%E5%88%A9%E3%80%81%E8%B3%93%E5%A3%AB%E9%83%BD%E6%98%AF%E5%AE%83%E5%AE%A2%E6%88%B6%EF%BC%81%E9%B4%BB%E6%B5%B7%E6%96%B0%E9%9B%BB%E5%8B%95%E8%BB%8Amodel-d%E6%94%9C%E6%89%8B%E8%B3%93%E5%B0%BC%E6%8B%89%E5%88%A9%E7%B4%8D%E6%93%8D%E5%88%80%E8%A8%AD%E8%A8%88-070023066.html,696
2317,潛力股：鴻海,2024-10-03,"【財訊快報／記者劉居全報導】鴻海(2317)將於10月8-9日一連兩天舉行鴻海科技日(HHTD24)，預計展出MODEL U及MODEL D兩款新車，同時將展出輝達GB200準量產版產品，並預計11月開始生產，12月出貨。此次鴻海科技日三大活動主軸，包括完整AI解決方案，三大平台融入AI，創新科技與領先定位。鴻海前8月營收為3兆9,946億元，年增9.52%，為歷年同期新高，將於明(5)日公布9月營收。由於進入下半年旺季，鴻海預估，營運將逐漸加溫，展望第三季營運將有季增及年增的表現，鴻海先前強調，目前能見度較前次…",Yahoo Entertainment,https://tw.stock.yahoo.com/news/%E6%BD%9B%E5%8A%9B%E8%82%A1-%E9%B4%BB%E6%B5%B7-053143565.html,660
2317,科技日登場！劉揚偉信心喊話：鴻海供應鏈已準備好　首拚出貨輝達,2024-10-07,鴻海科技日今（8）日登場，現場展出旗下多款電動車、智慧電車，鴻海董事長劉揚偉出席開幕式，旋風搭乘車神陳和皇駕駛的MODEL C電動拉力賽車進場，並對集團未來願景發表談話。劉揚偉表示，鴻海的供應鏈已經準備好，不論是GB200、還是AI的關鍵零件，鴻海都將成為首個量產出貨搭載這些晶片的公司,Yahoo Entertainment,https://tw.news.yahoo.com/%E7%A7%91%E6%8A%80%E6%97%A5%E7%99%BB%E5%A0%B4-%E5%8A%89%E6%8F%9A%E5%81%89%E4%BF%A1%E5%BF%83%E5%96%8A%E8%A9%B1-%E9%B4%BB%E6%B5%B7%E4%BE%9B%E6%87%89%E9%8F%88%E5%B7%B2%E6%BA%96%E5%82%99%E5%A5%BD-%E9%A6%96%E6%8B%9A%E5%87%BA%E8%B2%A8%E8%BC%9D%E9%81%94-031409309.html,700
2317,科技日登場！劉揚偉：鴻海供應鏈準備好了,2024-10-07,[NOWnews今日新聞]鴻海科技日今（8）日盛大登場，鴻海科技集團董事長劉揚偉表示，鴻海走過50年，如今的成就離不開創辦人郭台銘打下的穩固基礎。他指出，現在人工智慧已融入生活，且AI對企業來說具有商...,Yahoo Entertainment,https://tw.news.yahoo.com/%E7%A7%91%E6%8A%80%E6%97%A5%E7%99%BB%E5%A0%B4-%E5%8A%89%E6%8F%9A%E5%81%89-%E9%B4%BB%E6%B5%B7%E4%BE%9B%E6%87%89%E9%8F%88%E6%BA%96%E5%82%99%E5%A5%BD%E4%BA%86-030250987.html,683
2317,聚焦 AI 成長！宏碁資訊攜微軟、鴻海、信義房屋倡議「負責任的 AI」,2024-10-19,宏碁資訊近日舉辦「釋放 AI 衝擊波」研討會，總經理周幸蓉表示，宏碁資訊上半年雲端業務成長 25%，占比從六成到超過七成，未來將向三大主軸聚焦 AI 成長，包括持續聚焦雲端服務、深化資料治理與 AI 運用，並攜手微軟、鴻海、信義房屋倡議「負責任的 AI」。 周幸蓉表示，自生成式 AI 問世以來，宏碁...,Technews.tw,https://finance.technews.tw/2024/10/19/responsible-ai/,657
2317,蘋果推平價 AI 手機，和碩、鴻海等可望迎接新訂單,2024-10-04,蘋果準備年底至明年初發表平價機款的新 iPhone SE，名稱暫訂 iPhone SE 4，不僅硬體全面升級，也會導入 Apple Intelligence，成為首款平價 AI iPhone。 若消息成真，將是近三年iPhone SE首度改款。市場預期，平價AI iPhone訂價約500美元（約新台...,Technews.tw,https://technews.tw/2024/10/04/iphone-se-4-benefit/,655
2317,車神駕n7載鴻海董座登場　劉揚偉：「GB200供應鏈準備好了」,2024-10-07,[周刊王CTWANT] 鴻海今年成立50周年，首屆鴻海科技日在2020年舉辦，今年是第五屆，首度連續兩日舉辦，並開放給一般民眾參觀，現場有大量電動車展示，最吸睛的就是世界第一座量產版超級晶片驅動的AI伺服器機櫃，還有鴻海研究的各項零組件、AI系統與機器人。不過台股8日盤中大跌近300點，鴻海...,Yahoo Entertainment,https://tw.news.yahoo.com/%E8%BB%8A%E7%A5%9E%E9%A7%95n7%E8%BC%89%E9%B4%BB%E6%B5%B7%E8%91%A3%E5%BA%A7%E7%99%BB%E5%A0%B4-%E5%8A%89%E6%8F%9A%E5%81%89-gb200%E4%BE%9B%E6%87%89%E9%8F%88%E6%BA%96%E5%82%99%E5%A5%BD%E4%BA%86-062754010.html,698
2317,輝達與鴻海聯手打造台灣最快超級電腦 位於高雄超級運算中心,2024-10-08,今年鴻海科技日的驚喜除了推出新款電動汽車外，鴻海也和輝達聯手打造超級電腦,Yahoo Entertainment,https://consent.yahoo.com/v2/collectConsent?sessionId=1_cc-session_4c8210c1-f1eb-4a75-9e98-2bc0031378f1,671
2317,輝達飆、股價逼歷史高，鴻海說「需求瘋狂」振奮華爾街,2024-10-09,輝達（Nvidia Corp.）Blackwell 需求非常強勁，華爾街分析師極為看好明（2025）年財報展望，公司股價聞訊直逼 6 月寫下的歷史收盤高。 MarketWatch 8日報導，Mizuho分析師Jordan Klein指出，2025年將至，只能做多的投資者及避險基金已開始回頭買進輝達，...,Technews.tw,https://finance.technews.tw/2024/10/09/nvidias-stock-is-closing-in-on-a-record/,656
2317,鴻海11月量產GB200！　黃仁勳是否出席科技日引關注,2024-10-01,鴻海科技日即將在10月8、9日舉行，鴻海發言人巫俊毅今天（1日）表示，將展出量產版的輝達GB200伺服器，且預期GB200將在11月開始量產，12月出貨。今年輝達創辦人黃仁勳是否會出席，巫俊毅未證實，,Yahoo Entertainment,https://tw.news.yahoo.com/%E9%B4%BB%E6%B5%B711%E6%9C%88%E9%87%8F%E7%94%A2gb200-%E9%BB%83%E4%BB%81%E5%8B%B3%E6%98%AF%E5%90%A6%E5%87%BA%E5%B8%AD%E7%A7%91%E6%8A%80%E6%97%A5%E5%BC%95%E9%97%9C%E6%B3%A8-111435245.html,707
2317,鴻海9月營收月增33.7%,2024-10-05,"鴻海（2317）公布 9 月合併營收 7,330.24 億元，較上（8）月成長 33.7%，與去年同期相比為年增 10.9%；累計其今年前 9 月營收為 4.73 兆元，較去年同期增加 9.7%。",Technews.tw,https://finance.technews.tw/2024/10/05/hon-hai-2317-202409-financial-report/,645
2317,鴻海也要拚創高？海公公強漲近3% 分析師這樣看,2024-10-20,鴻海也要拚創高！鴻海（2317）今（21）日開盤強漲2.89%，股價一度觸及213.5元，也帶動鴻海集團股如正達、訊芯-KY等個股展現超過9%的漲幅，國泰證期顧問處經理蔡明翰早盤受訪表示，台積電股價創高，但題材相同的鴻海與前高234.5元仍有距離，目前正在落後補漲，股價位階仍低。,Yahoo Entertainment,https://tw.stock.yahoo.com/news/%E9%B4%BB%E6%B5%B7%E4%B9%9F%E8%A6%81%E6%8B%9A%E5%89%B5%E9%AB%98%EF%BC%9F%E6%B5%B7%E5%85%AC%E5%85%AC%E5%BC%B7%E6%BC%B2%E8%BF%913-%E5%88%86%E6%9E%90%E5%B8%AB%E9%80%99%E6%A8%A3%E7%9C%8B-015158038.html,676
2317,鴻海再添二座世界級燈塔工廠,2024-10-13,世界經濟論壇（World Economic Forum，WEF）日前公佈最新一批燈塔工廠名單，鴻海旗下工業富聯再添 2 座世界級燈塔工廠，其中位於越南北江省的廠區以大量運用 AI 技術，提高生產效率，獲選成為越南國家首座燈塔工廠；而深圳觀瀾廠則以永續發展表現，拿下鴻海旗下第一座可持續燈塔工廠的稱號，...,Technews.tw,https://finance.technews.tw/2024/10/13/foxconn-wef/,652
2317,鴻海劉揚偉：主權伺服器是未來趨勢,2024-10-08,早先 Nvidia 執行長黃仁勳才曾提過「主權 AI」的概念，鴻海董事長劉揚偉在今日的鴻海科技日會後受訪時表示，未來市場會再繼續延伸出「主權伺服器」的趨勢。 劉揚偉解釋，未來的伺服器製造，都會在當地製造提供給當地所需；主要原因在於，AI 會有許多與國家相關的資訊在其中，而提供 AI 算力的硬體也會變...,Technews.tw,https://finance.technews.tw/2024/10/08/hhtd24-liu/,651
2317,鴻海：打造全球最大GB200產線 輝達AI平台需求大,2024-10-07,（中央社記者鍾榮峰台北8日電）鴻海科技日今天登場，鴻海旗下鴻佰科技（Ingrasys）總經理丁肇邦指出，輝達（NVIDIA）的Blackwell平台市場需求相當大，集團正在建造全球最大的GB200伺服器生產基地；輝達機器人技術與邊緣AI部門副總裁塔拉透露，鴻海墨西哥廠正在製造GB200伺服器。,Yahoo Entertainment,https://tw.news.yahoo.com/%E9%B4%BB%E6%B5%B7-%E6%89%93%E9%80%A0%E5%85%A8%E7%90%83%E6%9C%80%E5%A4%A7gb200%E7%94%A2%E7%B7%9A-%E8%BC%9D%E9%81%94ai%E5%B9%B3%E5%8F%B0%E9%9C%80%E6%B1%82%E5%A4%A7-033117312.html,684
2317,鴻海擬發行 7 億美元可轉債，轉換價每股新台幣 300 元,2024-10-18,鴻海今天上午公告，今年度海外第一次無擔保可轉換公司債完成訂價，預定 24 日起發行，發行總額 7 億美元，到期日 2029 年 10 月 24 日，發行和交易地點在新加坡交易所。 鴻海說明，債券持有人可於轉換期間內，按轉換價格申請將此次公司債轉換為新發行普通股，轉換價格每股新台幣300元。 若以鴻海...,Technews.tw,https://finance.technews.tw/2024/10/18/foxconn-convertible-bond/,650
2317,鴻海攜 NVIDIA 打造台灣最快 AI 超級電腦！落腳高雄、拚明年中營運,2024-10-09,NVIDIA 與鴻海科技集團將攜手建造台灣規模最大的超級電腦，象徵台灣在人工智慧（AI）發展方面一個重大的里程碑。 鴻海週二（8 日）於鴻海科技日公布名為「鴻海高雄超級運算中心」合作案，將以 NVIDIA 突破性 Blackwell 架構為核心，並採用 GB200 NVL72 平台，其中包括總計 6...,Technews.tw,https://technews.tw/2024/10/09/foxconn-and-nvidia-taiwan-fastest-ai-supercomputer/,643
2317,鴻海、晟銘電 明年營收看旺,2024-10-14,鴻海（2317）將受惠AI伺服器需求快速增長，手機產業也邁入復甦態勢，將帶動鴻海營收於2025年顯著提升；晟銘電（3013）切進水冷機櫃組裝業務，2025年獲利將創新高。,Yahoo Entertainment,https://tw.stock.yahoo.com/news/%E9%B4%BB%E6%B5%B7-%E6%99%9F%E9%8A%98%E9%9B%BB-%E6%98%8E%E5%B9%B4%E7%87%9F%E6%94%B6%E7%9C%8B%E6%97%BA-201000341.html,691
2317,鴻海睽違2月重返200元 分析師揭4題材：Q4會更強,2024-10-08,郭爸爸睽違2個月再退休！這兩天正在舉辦鴻海科技日HHTD24的鴻海（2317）今（9）日早盤強漲逾3%，股價一度觸及200元大關，這是鴻海自8月1日以來，睽違2個月再度重返200元關卡，分析師也指出，鴻海站穩200沒問題，挾帶四大題材，第四季表現可期。,Yahoo Entertainment,https://tw.stock.yahoo.com/news/%E9%B4%BB%E6%B5%B7%E7%9D%BD%E9%81%952%E6%9C%88%E9%87%8D%E8%BF%94200%E5%85%83-%E5%88%86%E6%9E%90%E5%B8%AB%E6%8F%AD4%E9%A1%8C%E6%9D%90%EF%BC%9Aq4%E6%9C%83%E6%9B%B4%E5%BC%B7-015637845.html,675
2317,鴻海秀AI實力！鴻海研究院攜手香港城大推自駕軌跡模擬器,2024-10-03,鴻海（2317）旗下鴻海研究院攜手香港城市大學，推出多模態軌跡預測模型ModeSeq，在國際上頗具影響力的年度 AI 會議CVPR獲得全球第二名。鴻海指出，此預測模型有助於推動自動駕駛領域的發展，並在自動駕駛的軌跡預測領域產生深遠的影響力。,Yahoo Entertainment,https://tw.stock.yahoo.com/news/%E9%B4%BB%E6%B5%B7%E7%A7%80ai%E5%AF%A6%E5%8A%9B%EF%BC%81%E9%B4%BB%E6%B5%B7%E7%A0%94%E7%A9%B6%E9%99%A2%E6%94%9C%E6%89%8B%E9%A6%99%E6%B8%AF%E5%9F%8E%E5%A4%A7%E6%8E%A8%E8%87%AA%E9%A7%95%E8%BB%8C%E8%B7%A1%E6%A8%A1%E6%93%AC%E5%99%A8-073228747.html,688
2317,【鴻海科技日1】活動滿滿AI味　劉揚偉：迎AI製造鴻海準備好了,2024-10-07,第五年舉辦的鴻海科技日，8日在南港展覽館舉行，雖然今年的科技日少了輝達創辦人黃仁勳站台，但整場活動仍顯現滿滿的AI味，鴻海董事長劉揚偉除了強調，面對AI新變局，鴻海的供應鏈已經準備好了。同時間也透露，正在墨西哥與輝達一起打造全球最大的GB200工廠，而且產能非常「巨大」。,Yahoo Entertainment,https://consent.yahoo.com/v2/collectConsent?sessionId=1_cc-session_f9b269a7-ff8c-49bc-8f42-4403a9cbab75,685
2317,鴻海科技日8日登場 GB200量產版將亮相受矚目,2024-10-04,（中央社記者張建中台北5日電）台股本週下跌520.08點，跌幅約2.28%，收在22302.71點。鴻海科技日將於8日登場，鴻海與輝達（NVIDIA）合作的AI伺服器GB200量產版將亮相，為市場矚目的焦點，是否為AI族群注入動能值得關注。,Yahoo Entertainment,https://tw.news.yahoo.com/%E9%B4%BB%E6%B5%B7%E7%A7%91%E6%8A%80%E6%97%A58%E6%97%A5%E7%99%BB%E5%A0%B4-gb200%E9%87%8F%E7%94%A2%E7%89%88%E5%B0%87%E4%BA%AE%E7%9B%B8%E5%8F%97%E7%9F%9A%E7%9B%AE-055734752.html,710
2317,鴻海科技日 8 日談六大焦點，與輝達展望 AI 產業革命,2024-10-07,鴻海科技日將於 10 月 8 日起登場，根據規劃，開幕式鴻海董事長劉揚偉將對集團未來願景發表談話，鴻海也將與人工智慧 AI 晶片大廠輝達（NVIDIA），暢談下一波產業革命，此外包括智慧製造、衛星通訊、新能源、智慧電動車等，也將是開幕夥伴對談焦點。 鴻海科技日將於8日和9日登場，今年展會規模較202...,Technews.tw,https://technews.tw/2024/10/07/six-major-focuses-of-hhtd24/,649
2317,鴻海科技日GB200來了！劉揚偉：鴻海已準備好、首家出貨輝達超級晶片,2024-10-07,鴻海科技日今天登場，今年規模較去年倍增，吸引2千多名供應鏈和企業代表出席與會，鴻海與輝達合作的搭載GB200 晶片伺服器量產版也正式亮相。鴻海董事長劉揚偉今天搭著亞洲車神陳和皇駕駛的MODEL C進場。揮軍AI產業，劉揚偉宣告，「鴻海供應鏈已經準備好」，不管是液冷等散熱散技術或是AI的關鍵元件，鴻海將是第一個出貨超級晶片的廠商。輝達的 Blackwell 平台將成為鴻海高雄超算中心的核心。,Yahoo Entertainment,https://tw.news.yahoo.com/%E9%B4%BB%E6%B5%B7%E7%A7%91%E6%8A%80%E6%97%A5gb200%E4%BE%86%E4%BA%86-%E5%8A%89%E6%8F%9A%E5%81%89-%E9%B4%BB%E6%B5%B7%E5%B7%B2%E6%BA%96%E5%82%99%E5%A5%BD-%E9%A6%96%E5%AE%B6%E5%87%BA%E8%B2%A8%E8%BC%9D%E9%81%94%E8%B6%85%E7%B4%9A%E6%99%B6%E7%89%87-021630831.html,669
2317,鴻海科技日 MODEL D亮相 (圖),2024-10-07,鴻海科技日8日上午在台北南港展覽館登場，全新電動車MODEL D亮相。,Yahoo Entertainment,https://tw.news.yahoo.com/%E9%B4%BB%E6%B5%B7%E7%A7%91%E6%8A%80%E6%97%A5-model-d%E4%BA%AE%E7%9B%B8-%E5%9C%96-051034980.html,680
2317,鴻海科技日，Model D 新電動車將亮相,2024-09-24,鴻海科技日將於 10 月 8 日和 9 日登場，鴻海在 9 月 23 日深夜於 Facebook 官網，釋出全新電動車 Model D 的預告短片，Model D 預計在科技日期間亮相。 鴻海在貼文中以中英文表示，Model D將引領未來科技，並改變電動車遊戲規則。 根據資料，鴻海已開發出6款電動車...,Technews.tw,https://technews.tw/2024/09/24/hhtd22-model-d-debut/,644
2317,鴻海科技日 Model U亮相（1） (圖),2024-10-07,鴻海科技日8日在台北南港展覽館1館登場，推出新款電動車Model U。,Yahoo Entertainment,https://tw.news.yahoo.com/%E9%B4%BB%E6%B5%B7%E7%A7%91%E6%8A%80%E6%97%A5-model-u%E4%BA%AE%E7%9B%B8-1-%E5%9C%96-051136718.html,705
2317,鴻海科技日 Model U亮相（2） (圖),2024-10-07,鴻海科技日8日在台北南港展覽館1館登場，新電動車Model U亮相。,Yahoo Entertainment,https://tw.news.yahoo.com/%E9%B4%BB%E6%B5%B7%E7%A7%91%E6%8A%80%E6%97%A5-model-u%E4%BA%AE%E7%9B%B8-2-%E5%9C%96-051139765.html,703
2317,【鴻海科技日】亞洲車神開Model C載劉揚偉入場 喊首家出貨GB200,2024-10-07,鴻海年度大戲「2024鴻海科技日」（HHTD24）今（8）日盛大登場，今年已是連續第五年舉辦的「鴻海科技日」，也是首度連續2日舉辦的鴻海科技日。鴻海董事長親自主持開場，談及AI，劉揚偉喊話，鴻海的供應鏈已經準備好了，強調鴻海具垂直整合的製造能力，同時包括支援GB 200伺服器基礎設施所需的先進液冷和散熱技術，會是首個量產出貨搭載這些超級晶片的公司。,Yahoo Entertainment,https://tw.stock.yahoo.com/news/%E3%80%90%E9%B4%BB%E6%B5%B7%E7%A7%91%E6%8A%80%E6%97%A5%E3%80%91%E4%BA%9E%E6%B4%B2%E8%BB%8A%E7%A5%9E%E9%96%8Bmodel-c%E8%BC%89%E5%8A%89%E6%8F%9A%E5%81%89%E5%85%A5%E5%A0%B4-%E5%96%8A%E9%A6%96%E5%AE%B6%E5%87%BA%E8%B2%A8gb200-025748791.html,663
2317,鴻海科技日再展新款電動車，但相關業務提升卻還得再等數年時間？,2024-10-08,鴻海今日舉辦一年一度的科技日活動，並在會中再推兩款新電動車款；只不過鴻海雖近年大推其電動車款，但相關業務卻還得再等上數年時間才能有所提升。 鴻海董事長劉揚偉在今日的科技日致詞時表示，自 2021 年以來，每年的鴻海科技日都會發表至少一款新的電動車今天展示的最新車型，也將加入鴻海電動車陣容中，再次展現...,Technews.tw,https://finance.technews.tw/2024/10/08/hon-hai-techday24/,646
2317,【鴻海科技日】劉揚偉談話、MODEL D、MODEL U、GB 200量產版 科技日亮點一次看,2024-10-08,鴻海（2317）年度大戲「2024鴻海科技日」（HHTD24）今（8）日盛大登場，今年已是連續第五年舉辦的「鴻海科技日」，也是首度連續2日舉辦的鴻海科技日。鴻海董事長劉揚偉也親自出席主持，並發表談話，而鴻海除正式發表七人座Model D、電動小巴 MODEL U，Model A也驚喜亮相，此外準量產版GB 200也在科技日登場。,Yahoo Entertainment,https://tw.stock.yahoo.com/news/%E3%80%90%E9%B4%BB%E6%B5%B7%E7%A7%91%E6%8A%80%E6%97%A5%E3%80%91%E5%8A%89%E6%8F%9A%E5%81%89%E8%AB%87%E8%A9%B1%E3%80%81model-d%E3%80%81model-u%E3%80%81gb-200%E9%87%8F%E7%94%A2%E7%89%88-%E7%A7%91%E6%8A%80%E6%97%A5%E4%BA%AE%E9%BB%9E%E4%B8%80%E6%AC%A1%E7%9C%8B-080531466.html,668
2317,鴻海科技日 劉揚偉、關潤出席 (圖),2024-10-07,鴻海科技日8日在台北南港展覽館登場，鴻海董事長劉揚偉（右）、電動車策略長關潤（左）合影。,Yahoo Entertainment,https://consent.yahoo.com/v2/collectConsent?sessionId=1_cc-session_c64c602b-e500-4cc6-b574-748688e0b445,673
2317,鴻海科技日！劉揚偉霸氣登場 喊：首家出貨GB200,2024-10-07,鴻海科技日！劉揚偉霸氣登場 喊：首家出貨GB200,Yahoo Entertainment,https://tw.news.yahoo.com/%E9%B4%BB%E6%B5%B7%E7%A7%91%E6%8A%80%E6%97%A5-%E5%8A%89%E6%8F%9A%E5%81%89%E9%9C%B8%E6%B0%A3%E7%99%BB%E5%A0%B4-%E5%96%8A-%E9%A6%96%E5%AE%B6%E5%87%BA%E8%B2%A8gb200-064200244.html,692
2317,鴻海科技日 多人小巴電動車Model U將亮相,2024-10-01,（中央社記者鍾榮峰台北1日電）鴻海科技日將於8日和9日登場，鴻海今天下午表示，新Model D和Model U 2款電動車將首次亮相。今天鴻海也首度釋出多人小巴Model U短影片，此外，鴻海與輝達（NVIDIA）合作的AI伺服器GB200量產版，也將在科技日亮相。,Yahoo Entertainment,https://tw.news.yahoo.com/%E9%B4%BB%E6%B5%B7%E7%A7%91%E6%8A%80%E6%97%A5-%E5%A4%9A%E4%BA%BA%E5%B0%8F%E5%B7%B4%E9%9B%BB%E5%8B%95%E8%BB%8Amodel-u%E5%B0%87%E4%BA%AE%E7%9B%B8-085034134.html,674
2317,鴻海科技日將展GB200量產版產品 預計11月生產、12月出貨,2024-10-01,鴻海科技日將展 GB200 量產版產品 預計 11 月生產、12 月出貨,Yahoo Entertainment,https://tw.stock.yahoo.com/news/%E9%B4%BB%E6%B5%B7%E7%A7%91%E6%8A%80%E6%97%A5%E5%B0%87%E5%B1%95gb200%E9%87%8F%E7%94%A2%E7%89%88%E7%94%A2%E5%93%81-%E9%A0%90%E8%A8%8811%E6%9C%88%E7%94%9F%E7%94%A2-12%E6%9C%88%E5%87%BA%E8%B2%A8-123820746.html,702
2317,鴻海科技日推 MODEL D、MODEL U 電動車 高雄 AI 超算中心動工,2024-10-09,鴻海科技日揭曉 MODEL D 電動車與 MODEL U 電動巴士，計劃 2025 年量產北美版 MODEL C，同時宣布高雄 AI 超級電腦動工，2026 年完工，助力 AI 及智慧製造應用。 在今年度的鴻海科技日HHTD24活動中，鴻海正式揭曉名為MODEL D的多功能生活休旅電動車，以及名為MODEL U的新型態電動中型巴士，另外更預告將在2025年底正式量產與美國合作夥伴打造的北美版MODEL C。 此外，鴻海研究院也展示其在量子計算、人工智慧等先進技術發展成果，而鴻海集團更宣布將於高雄建構以NVIDIA…,Cool3c.com,https://www.cool3c.com/article/226368,641
2317,鴻海科技日新級距電動車亮相，MODEL D、MODEL U 登場,2024-10-08,鴻海今日舉辦鴻海科技日（HHTD24），並於會中發表多功能生活休旅車 MODEL D，以及新型態電動中型巴士 MODEL U；此外，該公司也亮相了北美版 MODEL C 車款，並並預告此一車款將於 2025 年底正式量產推出。 科技日開幕時，鴻海董事長劉揚偉也搭乘剛完成六天、2100公里拉力賽版的 ...,Technews.tw,https://finance.technews.tw/2024/10/08/hhtd24-model-d-model-u/,647
2317,【鴻海科技日】新電動車Model D、Model U亮相！還加碼展出Model A,2024-10-07,鴻海科技日新款電動車終於亮相！鴻海今（8）日舉行鴻海科技日HHTD24，新款電動車MODEL D、MODEL U也終於亮相，MODEL D為MPV、MODEL U則是20人座小型巴士，此外，鴻海科技日展區也出現級距更小的Model A，為科技日再添驚喜。,Yahoo Entertainment,https://tw.stock.yahoo.com/news/%E3%80%90%E9%B4%BB%E6%B5%B7%E7%A7%91%E6%8A%80%E6%97%A5%E3%80%91%E6%96%B0%E9%9B%BB%E5%8B%95%E8%BB%8Amodel-d%E3%80%81model-u%E4%BA%AE%E7%9B%B8%EF%BC%81%E9%82%84%E5%8A%A0%E7%A2%BC%E5%B1%95%E5%87%BAmodel-a-053716886.html,664
2317,鴻海科技日 現場展示人工智慧GB200伺服器 (圖),2024-10-07,展望AI產業革命，鴻海科技日8日起登場，現場展出鴻海與輝達（NVIDIA）合作的GB200伺服器NVL72機櫃。,Yahoo Entertainment,https://tw.news.yahoo.com/%E9%B4%BB%E6%B5%B7%E7%A7%91%E6%8A%80%E6%97%A5-%E7%8F%BE%E5%A0%B4%E5%B1%95%E7%A4%BA%E4%BA%BA%E5%B7%A5%E6%99%BA%E6%85%A7gb200%E4%BC%BA%E6%9C%8D%E5%99%A8-%E5%9C%96-071828255.html,670
2317,鴻海科技日登場（1） (圖),2024-10-07,鴻海科技日8日上午在台北南港展覽館登場，會場湧入客戶、供應商、合作夥伴以及其他企業代表等，共襄盛舉。,Yahoo Entertainment,https://consent.yahoo.com/v2/collectConsent?sessionId=1_cc-session_457108d5-cea0-46fe-9ea0-f7b16aab9ef5,678
2317,鴻海科技日登場（2） (圖),2024-10-07,鴻海科技日8日上午在台北南港展覽館登場，現場展示歷代推出的車款供民眾參觀。,Yahoo Entertainment,https://consent.yahoo.com/v2/collectConsent?sessionId=1_cc-session_95779fbe-96ea-4f8d-8820-47da6ddfd3d4,679
2317,鴻海科技日登場 丁肇邦主持主題對談 (圖),2024-10-08,鴻海科技日8日上午在台北南港展覽館展開，鴻海旗下鴻佰科技（Ingrasys）總經理丁肇邦（圖）主持「鴻海與NVIDIA的下一波產業革命」對談。,Yahoo Entertainment,https://consent.yahoo.com/v2/collectConsent?sessionId=1_cc-session_65f9e74e-d93d-484d-9f7a-9cd2c00c2bf6,662
2317,鴻海科技日登場 丁肇邦主持對談 (圖),2024-10-07,鴻海科技日8日在南港展覽館登場，由鴻佰科技總經理丁肇邦（圖）以「鴻海與NVIDIA的下一波產業革命」為題主持主題性夥伴對談。,Yahoo Entertainment,https://consent.yahoo.com/v2/collectConsent?sessionId=1_cc-session_bfdc19c8-1bf7-410b-b0a1-1015bdde0f5e,677
2317,鴻海科技日登場！　劉揚偉曝超級運算中心採用Blackwell平台,2024-10-07,鴻海科技日今天（8日）舉辦，規模更勝以往。AI成為今年活動最受矚目的焦點，鴻海董事長劉揚偉表示，鴻海在高雄的超級運算中心將以GB200 AI伺服器為基礎，NVIDIA的Blackwell平台將是鴻海高,Yahoo Entertainment,https://consent.yahoo.com/v2/collectConsent?sessionId=1_cc-session_74f6595f-9dc7-4f48-acc4-6fbfc440a291,665
2317,鴻海科技日登場 劉揚偉開場致詞（1） (圖),2024-10-07,鴻海科技日8日上午在台北南港展覽館登場，董事長劉揚偉致詞感謝各界參與，並介紹鴻海未來的合作方向。,Yahoo Entertainment,https://consent.yahoo.com/v2/collectConsent?sessionId=1_cc-session_0be71609-63df-45fa-a2d9-da95d7d5ebce,689
2317,鴻海科技日登場 塔拉出席主題對談 (圖),2024-10-07,鴻海科技日8日在南港展覽館盛大開幕，由鴻佰科技總經理丁肇邦以「鴻海與NVIDIA的下一波產業革命」為題展開對談；輝達（NVIDIA）機器人技術與邊緣AI部門副總裁塔拉（Deepu Talla）（圖）與談。,Yahoo Entertainment,https://tw.news.yahoo.com/%E9%B4%BB%E6%B5%B7%E7%A7%91%E6%8A%80%E6%97%A5%E7%99%BB%E5%A0%B4-%E5%A1%94%E6%8B%89%E5%87%BA%E5%B8%AD%E4%B8%BB%E9%A1%8C%E5%B0%8D%E8%AB%87-%E5%9C%96-062441830.html,687
2317,鴻海科技日與輝達展望AI 8日暢談下一波產業革命,2024-10-06,（中央社記者鍾榮峰台北7日電）鴻海科技日將於8日起登場，根據規劃，開幕式鴻海董事長劉揚偉將對集團未來願景發表談話，鴻海也將與人工智慧AI晶片大廠輝達（NVIDIA），暢談下一波產業革命，此外包括智慧製造、衛星通訊、新能源、智慧電動車等，也將是開幕夥伴對談焦點。,Yahoo Entertainment,https://consent.yahoo.com/v2/collectConsent?sessionId=1_cc-session_6efab98a-26f2-4281-9d47-0223cf0fa80c,695
2317,鴻海科技日 董事長劉揚偉暢談主權伺服器趨勢 (圖),2024-10-07,鴻海科技日8日上午起登場，鴻海董事長劉揚偉（右）暢談電動車市況和主權伺服器趨勢，並與鴻海電動車策略長關潤（左）中午出席媒體聯訪。,Yahoo Entertainment,https://tw.news.yahoo.com/%E9%B4%BB%E6%B5%B7%E7%A7%91%E6%8A%80%E6%97%A5-%E8%91%A3%E4%BA%8B%E9%95%B7%E5%8A%89%E6%8F%9A%E5%81%89%E6%9A%A2%E8%AB%87%E4%B8%BB%E6%AC%8A%E4%BC%BA%E6%9C%8D%E5%99%A8%E8%B6%A8%E5%8B%A2-%E5%9C%96-072130510.html,667
2317,鴻海科技日　關潤回應媒體提問 (圖),2024-10-07,鴻海科技日8日在台北南港展覽館登場，鴻海科技集團電動車策略長關潤（圖）出席，回應媒體提問。,Yahoo Entertainment,https://tw.news.yahoo.com/%E9%B4%BB%E6%B5%B7%E7%A7%91%E6%8A%80%E6%97%A5-%E9%97%9C%E6%BD%A4%E5%9B%9E%E6%87%89%E5%AA%92%E9%AB%94%E6%8F%90%E5%95%8F-%E5%9C%96-052353080.html,672
2317,鴻海第3季營收1.85兆元創同期新高 下半年逐季加溫,2024-10-05,（中央社記者張建中新竹5日電）鴻海自結9月營收達新台幣7330億元，為歷年同期次高水準，第3季營收1兆8537億元，創下同期新高。鴻海預期，下半年為資通訊產業傳統旺季，營運可望逐季加溫。,Yahoo Entertainment,https://consent.yahoo.com/v2/collectConsent?sessionId=1_cc-session_1f4a552b-ab46-48d6-a0b0-f1b553477d11,709
2317,鴻海第 7 台電動車 Model D 十月科技日正式亮相！將攜手義大利 Pininfarina,2024-09-25,業界推測，Model D 可能是比 Model C 大一點的 SUV 車款或是 MPV。,Inside.com.tw,https://www.inside.com.tw/article/36316-foxconn-model-d,639
2317,鴻海衝第一出貨GB200！產能、新品進度曝,2024-10-08,[NOWnews今日新聞]鴻海科技日今（8）日盛大登場，董事長劉揚偉指出，鴻海將成為首個量產出貨GB200伺服器的廠商，GB200已在墨西哥廠量產，產能巨大，而新產品B300仍待輝達公布。今年鴻海科技...,Yahoo Entertainment,https://tw.news.yahoo.com/%E9%B4%BB%E6%B5%B7%E8%A1%9D%E7%AC%AC-%E5%87%BA%E8%B2%A8gb200-%E7%94%A2%E8%83%BD-%E6%96%B0%E5%93%81%E9%80%B2%E5%BA%A6%E6%9B%9D-085201809.html,682
2317,鴻海集團宣布將於高雄建構機於NVIDIA GB200 NVL72機架的AI超級電腦，預計超過90exaflips為台灣最強AI HPC,2024-10-08,"與NVIDIA關係密切的鴻海集團於2024年10月8日的鴻海科技日宣布將於高雄建構台灣最高性能的AI超級電腦，此專案為鴻海高雄超級運算中心，基於NVIDIA的Blackwell架構，預計基於NVIDIA GB200 NVL 72為基礎，由共64個機架、達4,608個GPU構成，預估AI算力超過90exaflops；鴻海高雄超級運算中心已經開始動工，第一階段預計於2025年中期運作、目標於2026年完成。 鴻海高雄超級運算中心為NVIDIA所支援的全球先進超級運算設施網路的一員，將結合NVIDIA Omnivers…",Cool3c.com,https://www.cool3c.com/article/226348,640
2317,鴻海電動車完成度令人驚訝，關潤：目標全球 40% 市占,2024-10-09,鴻海「2024 鴻海科技日」8 日在台北南港展覽館盛大展開，而鴻海電動車（EV）策略長關潤表示，能夠吸引日本客戶，日本企業對鴻海電動車的完成度感到驚訝，就長期來看，鴻海目標取得全球 40% 市占率。 日經新聞報導，關潤8日接受日經新聞等媒體採訪時強調，日本是鴻海電動車代工業務的重點市場，而在日本市場...,Technews.tw,https://technews.tw/2024/10/09/foxconn-electric-car-global-market-share/,642
2317,鴻海高雄軟體研發攻AI和電動車 人才資料庫逾9千名,2024-10-08,（中央社記者鍾榮峰台北9日電）鴻海科技日今天持續登場，鴻海人資長夏國安接受記者採訪表示，鴻海高雄軟體研發中心鎖定招募人工智慧AI、電動車、半導體晶片等專才，累計收到超過9000份履歷，並建立人才庫，鴻海在新北布建車用軟體研發單位，集團內部也有AI軟體開發團隊。,Yahoo Entertainment,https://consent.yahoo.com/v2/collectConsent?sessionId=1_cc-session_565c24bb-f422-4f05-826a-a2790469bd6e,699
2317,鴻海高雄電芯廠攻儲能 與比爾蓋茲基金推新能源應用,2024-10-07,（中央社記者鍾榮峰台北8日電）鴻海科技日今天登場，董事長劉揚偉接受媒體聯訪指出，預期集團第4季表現強勁，鴻海高雄電芯廠除了布局電動車電池，也鎖定儲能應用，鴻海與比爾蓋茲（Bill Gates）創立的投資基金BEV合作，推動新能源應用。,Yahoo Entertainment,https://consent.yahoo.com/v2/collectConsent?sessionId=1_cc-session_57d72bb1-1bfd-4029-ad24-04ffdd1f4b6d,694
2317,黃仁勳將現身科技日？鴻海：合作夥伴都會邀,2024-10-01,[NOWnews今日新聞]去年鴻海科技日邀來輝達創辦人暨執行長黃仁勳擔任大咖來賓站台，與鴻海董事長劉揚偉一搭一唱，宣示合作「AI工廠」，今年科技日將於下週8日登場，黃仁勳是否將再度現身，引發外界關注。...,Yahoo Entertainment,https://tw.news.yahoo.com/%E9%BB%83%E4%BB%81%E5%8B%B3%E5%B0%87%E7%8F%BE%E8%BA%AB%E7%A7%91%E6%8A%80%E6%97%A5-%E9%B4%BB%E6%B5%B7-%E5%90%88%E4%BD%9C%E5%A4%A5%E4%BC%B4%E9%83%BD%E6%9C%83%E9%82%80-113928741.html,708
2317,黃仁勳會來鴻海科技日？鴻海：合作夥伴都有邀請,2024-10-01,"黃仁勳會來鴻海科技日？鴻海（2317）今日舉行鴻海科技日展前記者會，鴻海科技發言人巫俊毅被問及「黃仁勳是否會來」，他表示，只要是和鴻海的合作夥伴或是客戶都有邀請，這次鴻海科技日首度連2日舉辦，第一天採邀請制，預計將有2,000位來賓參與。",Yahoo Entertainment,https://tw.stock.yahoo.com/news/%E9%BB%83%E4%BB%81%E5%8B%B3%E6%9C%83%E4%BE%86%E9%B4%BB%E6%B5%B7%E7%A7%91%E6%8A%80%E6%97%A5%EF%BC%9F%E9%B4%BB%E6%B5%B7%EF%BC%9A%E5%90%88%E4%BD%9C%E5%A4%A5%E4%BC%B4%E9%83%BD%E6%9C%89%E9%82%80%E8%AB%8B-082313864.html,661
2330,27 歲、公司估值 140 億美元，Scale AI 要當 AI 數據界的台積電,2024-10-16,Scale AI 是一家數據標記公司，擁有 10 萬名外包人力，為科技公司提供數據需求，讓 AI 更好地理解人類的語言模式。Scale AI 的創辦人 Alexandr Wang 是一位 27 歲的億萬富翁，他將目標放得更遠，希望 Scale AI 成為「AI 數據的代工廠」。,Inside.com.tw,https://www.inside.com.tw/article/36491-scale-ai,560
2330,AI 晶片需求強！路透：台積電 Q3 獲利預估大漲四成,2024-10-14,"根據 LSEG SmartEstimate 彙整 22 位分析師的預測，台積電截至 9 月 30 日的季度淨利預計達 2,982 億新台幣。這項預估數字相較 2023 年同期淨利 2,110 億新台幣大幅成長 41.33%。",Inside.com.tw,https://www.inside.com.tw/article/36475-tsmc-third-quarter-profit-seen-jumping-40-strong-ai-chip-demand,558
2330,AI股上漲、台積電重返千元，台股上揚329點衝2個月以來高點,2024-09-25,AI股、台積電今（25）強勢攻盤，台股上漲329點，是2個月以來新高。其他科技權值股、高價股漲停。近期慘跌的營建股，股價也回升。,Thenewslens.com,https://www.thenewslens.com/article/242341,568
2330,AMD 成台積電亞利桑那工廠第二大客戶，高性能 AI 晶片明年在美生產,2024-10-18,"消息稱 AMD 成台積電亞利桑那工廠新客戶，高性能 AI 晶片明年在美生產據外媒報導，AMD 已與台積電達成協議，將在後者位於亞利桑那州的新工廠生產高性能晶片。這將使 AMD 成為繼蘋果之後該工廠的第二個高知名度客戶。
台積電 Fab 21 工廠位於亞利桑那州鳳凰城附近，已開始試產 5nm 工藝節點，包括 N4 / N4P / N4X 和 N5 / N5P / N5X 工藝。雖然其第一階段生產尚未全面啟動，但蘋果 A16 Bionic 晶片目前正在 Fab 21 工廠使用 N4P 工藝生產。彭博社上月報導稱，Fa…",Techbang.com,https://www.techbang.com/posts/118773-amd-has-become-a-new-customer-of-tsmcs-arizona-factory-and,553
2330,三星晶圓代工廠在製程方面與台積電展開競爭，開始準備2奈米和1.4奈米生產線,2024-10-19,"三星晶圓代工廠在""工藝優勢""方面與台積電展開競爭 開始準備2奈米和1.4奈米生產線
三星晶圓代工廠目前正加大力度提高其 2 奈米製程在行業中的競爭力，該部門正在進行裝置改進和生產線升級。
三星在半導體市場的業務並不太順利，因為該公司的先進製程產量不穩定，因此業界也缺乏信心。 據說三星的 3 奈米產品因內建了 GAA 技術而實現了突破，但卻完全沒有引起業界的興趣，還導致了巨大的經濟損失。
下一代 2 奈米的情況與此類似，儘管在節點尺寸上領先於台積電，但在可持續生產能力方面，三星還是比不上台積電。

儘管遭遇重重阻礙…",Techbang.com,https://www.techbang.com/posts/118964-samsungs-foundry-competes-with-tsmc-in-terms-of-process-and,554
2330,「不敗教主」槓上財金教授：既然台積電報酬比0050好，為什麼不All IN？,2024-10-04,台積電報酬比0050好，為什麼不買台積電？這其實是個「後見之明」的說法。重押個股如果順利，報酬自然會很豐碩，但你永遠不會知道是不是押中盛極而衰或是一蹶不振的公司。問題來了，為什麼投資老師們總喜歡要人買個股呢？,Thenewslens.com,https://www.thenewslens.com/article/242687,566
2330,傳商討阿拉伯聯合大公國建廠，台積電：無海外新計畫,2024-09-23,華爾街日報報導，台積電和三星電子已就在阿拉伯聯合大公國興建巨大廠區進行討論。台積電表示，正專注於現有的全球布局專案，目前沒有新的海外投資具體計畫。 華爾街日報引述消息人士指出，台積電高層近日走訪阿聯，針對建廠事宜進行討論；三星（Samsung）也考慮未來數年在阿聯投入晶片製造。 台積電表示，公司始終...,Technews.tw,https://technews.tw/2024/09/23/tsmc-no-overseas-investment-plan/,577
2330,"台積電9月營收2,518.73 億元",2024-10-09,"台積電（2330）今（9）日公布 9 月營收，達 2,518.73 億元，較 8 月成長 0.4%，較去年同期成長 39.6%，累計前 9 月營收為 2.03 兆元，年增 31.9%。",Technews.tw,https://finance.technews.tw/2024/10/09/tsmc-2330-202409-financial-report/,571
2330,台積電N3E製程反應在高通Snapdragon 8 Gen 4與天璣9400報價上，較現行世代高出20%以上,2024-10-01,2024年10月將是Android陣營2024年末至2025年旗艦機的兩大新平台正面對決的月份，高通將在下旬Snapdragon高峰會公布第一款採用自主Oryon CPU的手機平台Snapdraon 8 Gen 4，聯發科則將搶在高通之前公布使用Arm全套授權方案的天璣9400；根據中國數碼閒聊站的討論串透露由於台積電N3E代工價格轉嫁在晶片上，兩家的旗艦晶片比目前世代高出20%以上，高通Snapdragon 8 Gen 4的報價達190美金、天璣9400達165美金，等同一款入門級手機的價格。 ▲聯發科天璣近期…,Cool3c.com,https://www.cool3c.com/article/225863,562
2330,台積電、三星傳考慮在阿拉伯聯合大公國設廠,2024-09-23,有關台積電與三星電子的討論一方面反映出阿拉伯聯合大公國發展科技業野心與日俱增，同時凸顯全球矢志尋求為擴大晶片製造提供資金，很大程度上是為了滿足 AI 熱潮的需求。,Inside.com.tw,https://www.inside.com.tw/article/36279-tsmc-samsung-discuss-building-middle-eastern-megafactories,559
2330,台積電、三星洽談在阿拉伯聯合大公國建廠 中東成 AI 投資新熱點,2024-09-23,"華爾街日報報導，台積電、三星正與阿拉伯聯合大公國洽談建設晶圓廠，規模可能媲美台灣廠區，投資金額超千億美元。 華爾街日報報導指稱，台積電與三星正與阿拉伯聯合大公國 (United Arab Emirates,UAE)洽談建設在地晶圓廠，可能為中東地區人工智慧投資基礎。 相關消息表示，台積電高層近期造訪阿拉伯聯合大公國，並且討論在地建設與台灣相同規模晶圓廠的可能性，而三星方面也考慮在阿拉伯聯合大公國擴展晶圓製造業務。 而相關討論仍處於早期階段，而阿拉伯聯合大公國第二大主權投資基金主權基金穆巴達拉可能成為此計畫主要投資…",Cool3c.com,https://www.cool3c.com/article/225132,563
2330,台積電採用 NVIDIA cuLitho 平台 加速晶片製程突破,2024-10-09,台積電宣布採用 NVIDIA cuLitho 運算式微影平台，透過 H100 GPU 加速運算，突破晶片製程物理極限，縮短生產時間並降低成本與能耗。 台積電宣布採用NVIDIA cuLitho運算式微影平台，透過加速運算方式突破半導體晶片的物理極限，藉此改變過往的半導體製造方式。 將電路轉移到矽片上的運算式微影是目前晶片製程裡的關鍵步驟，而此步驟需要透過複雜的運算作業完成，其中涉及電磁物理、光化學、運算幾何、迭代最佳化與分散式運算。 典型的晶圓代工廠會專門設立大量的資料中心來進行這項運算，同時也需要透過大量運算資…,Cool3c.com,https://www.cool3c.com/article/226430,561
2330,台積電是否會想收購英特爾晶圓廠？魏哲家：一點也不想,2024-10-17,"台積電 CEO 魏哲家表示對收購英特爾晶圓廠不感興趣今天稍早之前，台積電公佈了今年第三季度財報：該季度合併營收 7596.9 億元新台幣，同比增長 39.0%，環比增長 12.8%；第三季度淨利潤 3252.6 億元新台幣，同比增長 54.2%，環比增長 31.2%。
台積電第三季度毛利率為 57.8%，營業利益率為 47.5%，稅後純益率則為 42.8%。
受台積電業績看俏拉抬，台積電美股16日正常盤收187.48美元，上漲0.35美元或0.19%，業績開獎後，夜盤聞訊急拉漲至最高196美元，漲幅超過4%。
在…",Techbang.com,https://www.techbang.com/posts/118975-tsmc-ceo-wei-zhejia-not-interested-in-acquiring-intel-fabs,551
2330,台積電概念房漲幅跟著股價飆！台南新市五年均價飆 1.44 倍,2024-10-18,"台積電今日股價一度衝至 1,100 元新天價，五年來上漲 3.4 倍，而跟著上漲的還有房價，住商機構盤整台積電設廠行政區，十大區域近年來房價皆有 2 成以上漲幅，並以新竹寶山、台南新市漲勢最高，其中以台南新市上漲 1.4 倍最多，對比股價不遑多讓。 台積電 2020 年 3 月 19 日收盤價為 2...",Technews.tw,https://finance.technews.tw/2024/10/18/houses/,574
2330,台積電法說：Q3 雙率超標！ 單季 EPS 12.54 元創新高，前三季大賺 3 個股本,2024-10-17,台積電第三季 7 奈米以下營收比重達到 69%。,Inside.com.tw,https://www.inside.com.tw/article/36511-tsmc-q3,557
2330,台積電法說會：營運展望超預期，CoWoS產能大增逾2倍仍供不應求，ADR大漲9.79%標普500創新高,2024-10-18,台積電昨天以亮麗的第3季業績與樂觀的營運展望，破除市場對AI泡沫化疑慮，提振市場的信心。台積電強調，AI需求極為強勁，預估今年AI伺服器業績可望增長超過2倍。美股三大指數今天開高，其中標普500指數刷新歷史新高紀錄。,Thenewslens.com,https://www.thenewslens.com/article/243402,567
2330,台積電為了提升CoWoS封裝業務產能，不斷買廠建廠、目標是每月8萬片,2024-10-04,"由於CoWoS需求旺盛，台積電還持續在全台尋覓適合的擴廠據點。
為滿足AI伺服器先進封裝的產能需求，台積電正在摩拳擦掌。在七月的財報會議上，台積電董事長魏哲家也在回應分析師有關先進封裝的CoWoS產能緊張的議題時提到，
 人工智慧火爆帶動了CoWoS需求，台積電CoWoS需求非常強，台積電持續擴增2025-2026年希望達到供需平衡。今年產能超過翻倍成長，公司也非常努力地在擴充產能。
為了踐行這個目標，台積電封裝正在不斷買廠、建廠以加速擴產。
買廠，建廠，台積電擴產不停
在台積電的封裝擴張路線上，早前購入的群創南…",Techbang.com,https://www.techbang.com/posts/118540-in-order-to-increase-the-production-capacity-of-cowos,552
2330,台積電股價站上1085元創新高，「護國神山」帶動廠區房價上漲逾2成,2024-10-19,台積電股價18日一度衝上新台幣1100元，終場收在1085元，創下收盤新高。不過法人表示，台積電一枝獨秀，吸引大量資金，但整體上市櫃公司下跌家數大於上漲家數，表面上賺到大盤指數，個股卻沒什麼賺，反倒賠了價差。而台積電設廠行政區房價漲勢驚人，以新竹寶山、台南新市最高。,Thenewslens.com,https://www.thenewslens.com/article/243481,565
2330,"台積電開盤衝 1,095元 創新天價，市值攀至 28.39 兆元",2024-10-18,"台積電第 3 季業績表現亮麗，第 4 季營運展望樂觀，並調高全年美元營收成長目標至近 30%，激勵台積電 ADR 勁揚 9.79%，台積電今天股價同步走高，開盤跳空達 1,095 元，創新天價，市值達 28.39 兆元。 台積電第3季在人工智慧（AI）應用和智慧手機對3奈米及5奈米需求強勁推升下，季...",Technews.tw,https://finance.technews.tw/2024/10/18/tsmc-1095-stock-price/,572
2330,存股該存0050還是台積電？我們先具體定義這個「存」是可複製的行為,2024-09-26,主張「存」個股的人，能說出是怎麼選出這家公司的？又為什麼會認為某家公司未來20年或30年都會表現得很好？而且要能贏過0050/006208？這麼有信心的話，應該也可以用別人能複製的方式，拿自己的真金白銀去示範，對吧？,Thenewslens.com,https://www.thenewslens.com/article/242428,570
2330,德媒「從空中看經濟」衛星圖揭台積電全球布局，分析：歐美短期難追上台灣,2024-10-11,台積電全球布局曝光！衛星圖顯示，台積電在台灣擴張速度遠超海外，且新廠製程和產能增長速度均領先全球。這讓西方國家感到沮喪，因為歐洲要完全實現半導體自主還有很長的路要走。這顯示台灣正透過台積電構築一道能抵禦中國的強大「經濟防禦牆」。,Thenewslens.com,https://www.thenewslens.com/article/243026,564
2330,搶攻 GaN 功率半導體，ROHM 加強和台積電合作,2024-10-09,搶攻氮化鎵（GaN）功率半導體事業，日本電子元件大廠羅姆（ROHM）將加強和台積電的合作，將全面委託台積電代工生產 GaN 產品。 《日經xTECH》8日報導，ROHM將在GaN功率半導體領域加強和台積電合作，擬藉由水平分工、對抗海外競爭對手。在日前舉行的「第85屆應用物理學會秋季學術講座」上，RO...,Technews.tw,https://technews.tw/2024/10/09/rohm-gan-tsmc/,575
2330,美國調查台積電是否替華為生產 AI 晶片，台積電火速澄清：遵守法規,2024-10-18,據外媒 The Information 獨家報導，美國商務部正在調查台積電是否為華為製造人工智慧（AI）或智慧型手機晶片，並違反美國出口規定。 美國自 2020 年來一直以國安為由，禁止華為購買美國設備製造的晶片，在商務部未批准下，也禁止使用美國技術製造自家晶片。據悉，美國商務部已經聯絡台積電，詢問...,Technews.tw,https://technews.tw/2024/10/18/us-tsmc-huawei/,573
2330,與三星別苗頭，SK 海力士將參加台積電 9 月開放創新平台論壇美國場,2024-09-24,4 月韓國記憶體大廠 SK 海力士與台積電簽署備忘錄（MOU），雙方合作加強下代 HBM 生產和先進封裝，合作開發生產 HBM4 於 2026 年量產後，最近 SK 海力士與台積電合作越來越緊密，市場又傳出 SK 海力士也會參加台積電創新開放平台論壇。 韓國媒體 BusinessKorea 報導，6...,Technews.tw,https://technews.tw/2024/09/24/sk-hynix-tsmc-forum/,576
2330,衛星圖揭台積電全球布局，德媒：在台擴張速度西方追不上,2024-10-10,從上帝視角看經濟！德國媒體近日透過衛星圖觀測台積電全球布局，發現台積電在台灣擴張速度遠超海外。單元負責人指出，台積電全球布局恐令「西方感到沮喪」。,Inside.com.tw,https://www.inside.com.tw/article/36452-satellite-images-reveal-tsmc-global-layout,555
2330,解密台灣第二「矽盾」：台積電最先進工廠進駐，高雄的野心和冒險,2024-10-13,全球高階晶片製造龍頭台積電（TSMC）2021年宣佈在高雄設立新廠時，消息震撼了半導體界。有分析指出，高雄已成為繼台灣北部新竹科學園區之後，最新的一塊「矽盾」（Silicon Shield）。,Thenewslens.com,https://www.thenewslens.com/article/242989,569
2330,魏哲家獲 825 張台積電限制股票！市值新台幣 7.9 億元,2024-10-01,魏哲家等台積電高階主管持股信託是限制員工權利新股，以台積電今天收盤價 957 元計，魏哲家分得限制員工權利新股市值約 7.9 億元。,Inside.com.tw,https://www.inside.com.tw/article/36376-tsmc-stocks-cc,556
2382,AI 伺服器測試需求夯！廣達再追加 25.9 億，添購燃料電池微電網系統,2024-10-04,"代工大廠廣達近日代美國加州子公司 QMN（Quanta Manufacturing Nashville LLC）公告，將再追加 7,975 萬美元（約新台幣 25.88 億元），向美國最大燃料電池製造商 Bloom Energy 採購三組燃料電池微電網系統。 在此之前，廣達今年四月已購入兩套燃料電池...",Technews.tw,https://technews.tw/2024/10/04/quanta-also-need-power/,723
2382,廣達9月營收月增6.8%,2024-10-08,"廣達（2382）公布 9 月合併營收 1,551.10 億元，較上（8）月成長 6.8%，與去年同期相比為年增 57.9%；累計其今年前 9 月營收為 9,934.43 億元，較去年同期增加 24.5%。",Technews.tw,https://finance.technews.tw/2024/10/08/qci-2382-202409-financial-report/,722
2412,2024年10月電信優惠方案整理：中華電信、台灣大哥大、遠傳電信,2024-10-01,10月秋季到來，台灣3大電信業者中華電信、台灣大哥大、遠傳電信都推出了相關促銷活動。以中華電信「秋日大賞、精采回饋」活動為例，符合資格之用戶申辦精采5G購機或贈點方案，將可享Hami Video影劇館+或防駭守門員行動版優惠2選1，另外中華電信也推出了網路門市限定的漫遊優惠內容，日本7天1GB上網量優惠價98元。以下整理2024年10月台灣3大電信優惠活動，詳細活動資訊也可以洽詢各電信實體門市或是線上客服。 中華電信：精采5G好禮2選1、日韓漫遊優惠方案 迎接秋季到來，中華電信推出「秋日大賞、精采回饋」活動，即日…,Cool3c.com,https://www.cool3c.com/article/225879,725
2412,中華電9月營收月增6.2%,2024-10-11,"中華電（2412）公布 9 月合併營收 194.86 億元，較上（8）月成長 6.2%，與去年同期相比為年增 5.3%；累計其今年前 9 月營收為 1,646.73 億元，較去年同期增加 2.1%。",Technews.tw,https://finance.technews.tw/2024/10/11/cht-2412-202409-financial-report/,727
2412,中華電：Oneweb 月底完成 24 小時涵蓋全台,2024-10-14,中華電信為強化網路韌性，積極布局低軌衛星，去年與低軌衛星業者 OneWeb 簽署獨家代理協議，中華電董事長簡志誠表示，Oneweb 預計 10 月底就可 24 小時涵蓋全台，只要頻寬夠用，即可進行商業推廣，看好台商、跨國企業備援都是未來機會。 中華電信董事長簡志誠13日出席「中華電113年度員工集團...,Technews.tw,https://technews.tw/2024/10/14/by-the-end-of-the-month-leo-24h-coverage/,728
2412,中華電：低軌衛星 Oneweb 月底將 24 小時覆蓋全台,2024-10-14,低軌衛星業者  Oneweb 訊號預計 10 月底可以覆蓋全台。台灣透過日本、關島、泰國等 3 地的地面站，「10 月底就可以 24 小時覆蓋」。,Inside.com.tw,https://www.inside.com.tw/article/36477-cht-low-orbit-satellite-oneweb-to-provide-24-hour-coverage-across-taiwan-by-month-end,724
2412,中華電信導入愛立信最新 5G 與 AI 節能技術，加速淨零碳排,2024-10-17,"中華電信近日與愛立信展開新一輪合作，與愛立信簽訂 5G 網路擴展合約，加速行動網路現代化，內容包含愛立信 5G 無線接取網（RAN）產品組合的完整陣容。 本次合作項目涵蓋愛立信 5G 無線接取網產品組合中的全系列產品，包括雙頻 Radio 4,490HP 等輕量型遠端無線系列產品，與前一代無線射頻產...",Technews.tw,https://technews.tw/2024/10/17/cht-ericsson-3/,730
2412,中華電信與AWS深化合作 運用生成式AI打造創新應用,2024-10-16,中華電信將於台灣時間11/30在美國拉斯維加斯舉辦的 Amazon Web Service (AWS) re:Invent 2023年度盛會中，發表運用生成式AI打造的創新應用。中華電信作為致力於永續發展並成為數位生態系統賦能者的領導品牌，近年積極應用雲端技術持續創新。,Thenewslens.com,https://www.thenewslens.com/feature/aws/242973,726
2412,中華電攜手全球 IOWN 夥伴推動次世代資通訊與運算技術,2024-10-10,中華電信於 10 月 8 日至 11 日參加在台北舉行的「IOWN Global Forum（創新全光和無線網路全球論壇）第七屆大會」，展示全光網路與跨雲傳送技術的最新研發成果，共同推動次世代資通訊網路與運算基礎發展。 IOWN 全球論壇成立於 2020 年，是推動全光網路技術與應用的重要國際組織，...,Technews.tw,https://finance.technews.tw/2024/10/10/cht-iown-global-forum/,729
2454,3DMark手機版推出Opacity Micromap功能測試，與聯發科攜手開發、上線初期僅天璣9400能執行,2024-10-09,隨著聯發科公布2024年新手機旗艦平台天璣9400，UL Benchmark宣布3DMark行動版測試新添Opacity Micromap功能測試，由UL Benchmark與聯發科共同開發，可支援任何支援Vulkan VK_EXT_opacity_micromap擴充項的Android裝置，不過現階段僅有聯發科天璣9400平台的Immortalis-G925可支援此功能，此外目前此功能僅為功能展示而非測試項。 Opacity Micromap是一項用於提升光線追蹤性能的技術，透過一種稱為alpha testin…,Cool3c.com,https://www.cool3c.com/article/226434,581
2454,GPU 性能超越蘋果 A18 Pro，聯發科天璣 9400 發表會要來了,2024-09-24,IC 設計大廠聯發科（MediaTek）發出媒體邀請函表示，近期將舉行媒體活動，並於活動中預先向媒體朋友告知尚待於新品正式發表會發布之資訊。根據推測、聯發科即將舉辦活動而發表的產品就是年度旗艦級手機處理器天璣 9400。而就發表時間來推估，其時間將會早於競爭對手高通發表 Snapdragon 8 G...,Technews.tw,https://finance.technews.tw/2024/09/24/mediatek-dimensity-9400-launch-event-is-coming/,594
2454,Meta AR 眼鏡 Orion 搭載聯發科客製化處理器 而非過往的高通處理器,2024-09-27,Meta 最新 AR 眼鏡 Orion 採用與聯發科合作開發的客製化處理器，而非過去與 Qualcomm 合作的模式，可能為了更符合裝置效能和設計需求。 Meta稍早於Connect 2024活動上展示的代號「Orion」擴增實境眼鏡，其處理器採用的是與聯發科共同打造設計，而非延續過往與Qualcomm合作處理器規格。 不過，Meta方面並未透露此款處理器具體細節，聯發科也未對外公布與Meta合作消息，但供應鏈說法則指稱此款處理器是由Meta與聯發科合作打造。 相比過往在虛擬視覺應用產品均採用Qualcomm提供…,Cool3c.com,https://www.cool3c.com/article/225631,580
2454,vivo宣布搭載聯發科天璣9400的vivo X200手機將於10月14日發表，台灣預計11月中下旬上市,2024-10-09,如同小米近年皆巧先成為高通Snapdragon 8系列平台首發夥伴，vivo也多次成為聯發科天璣平台的首發夥伴；在聯發科正式公布新一代旗艦平台天璣9400後，vivo旋即公布將於2024年10月14日於北京公布搭載天璣9400的vivo X200系列手機，台灣預計在2024年11月中下旬推出。 ▲vivo X200也將攜手蔡司提供頂尖的影像技術 vivo強調與聯發科深度合作，將發揮天璣9400出色的Agentic AI功能，並實現低功耗與頂尖影像處理能力，預計於AI技術、影像畫質、性能功效等多方面帶來嶄新的旗艦手…,Cool3c.com,https://www.cool3c.com/article/226397,586
2454,三星 Galaxy Tab S10 採聯發科處理器，為打入 Galaxy S25 供應鏈鋪路,2024-09-28,三星日前推出了首款人工智慧平板電腦 Galaxy Tab S10 系列，其搭載了聯發科生產的高階天璣 9300+ 應用處理器 (AP)。由於之前三星高階 Galaxy Tab 系列平板電腦僅使用高通的 Snapdragon 晶片組，這顯示在當前三星與聯發科正在討論即將推出的天璣 9400 處理器是否...,Technews.tw,https://technews.tw/2024/09/28/mediatek-aims-to-break-into-samsung-galaxy-s25-supply-chain/,596
2454,三星新輕旗艦 S25 FE 規格爆料將用聯發科天璣 9400,2024-10-15,三星新一代旗艦手機 Galaxy S25 系列再三個月就要現身，綜合目前市場傳聞，除了維持 S25、S25+、S25 Ultra 三機型陣容不變，還會推出主打「輕旗艦」定位的 Galaxy S25 FE。最新消息指出，S25 FE 將配置聯發科天璣晶片，預計明年底問世。 《SamMobile》報導，...,Technews.tw,https://technews.tw/2024/10/15/samsung-could-switch-from-exynos-to-mediatek-for-galaxy-s25-fe/,592
2454,三星旗艦平版 Galaxy Tab S10、S10 Ultra 推出囉！全面採用聯發科處理器，1TB 大容量版本也來了！,2024-10-01,"(硬是要學／手哥 HANDBRO 報導)
三星今年的旗艦平版 Galaxy Tab S10+、Tab S10 Ultra 終於正式推出了！這兩款平版在規格、價格上有什麼變化呢？手哥今天也到現場快速把玩了一下，快速和大家分享把玩的心得和官方資訊。
本文 三星旗艦平版 Galaxy Tab S10、S10 Ultra 推出囉！全面採用聯發科處理器，1TB 大容量版本也來了！ 最早出現於 硬是要學。",Soft4fun.net,https://www.soft4fun.net/tech/news/samsung-galaxy-tab-s10s10-ultra.htm,588
2454,三星自研 Exynos 處理器掉漆， Galaxy S25 考慮搭載聯發科天璣 9400,2024-09-26,國內 IC 設計大廠聯發科已經在 25 日發出邀請函，預告將於 10 月 9 日推出年度新款旗艦型手機處理器-天璣 9400，並與競爭對手高通即將推出的 Snapdragon 8 Gen 4 競爭市場。而根據韓國媒體報導，由於三星在提高自研 Exynos 2500 手機處理器的性能和產量方面遇到困難...,Technews.tw,https://technews.tw/2024/09/26/galaxy-s25-considered-to-be-equipped-with-mediatek-dimensity-9400/,598
2454,三星首款搭聯發科晶片旗艦產品，Galaxy Tab S10 系列平板正式登台,2024-10-01,台灣三星稍早宣布，推出首款預載 Galaxy AI 的旗艦平板 Galaxy Tab S10 系列正式在台上市，集結豐富的 Galaxy AI 應用、卓越的螢幕表現與強悍硬體升級，帶給使用者嶄新體驗。 值得注意的是，Galaxy Tab S10 系列是也是三星首款搭載聯發科晶片的旗艦產品，其採用的是...,Technews.tw,https://technews.tw/2024/10/01/galaxy-tab-s10/,600
2454,傳 NVIDIA、聯發科合作 AI PC 晶片準備投片！拚明年下半年量產,2024-10-09,有爆料指出，聯發科和 NVIDIA 合作開發 3 奈米 AI CPU 本月將進入試產階段，有望明年下半年量產。 據中媒《IT 之家》引述「手機晶片達人」的話指出，聯發科和 NVIDIA 開發 AI PC 的 3 奈米 CPU，本月準備投片，預期明年下半年量產，並搭配 NVIDIA GPU，目前可能採...,Technews.tw,https://technews.tw/2024/10/09/nvidia-mediatek-3nm-ai-pc-cpu/,591
2454,傳聯發科與NVIDIA合作的Windows on Arm處理器2025年下半年推出，華碩、Dell、HP、聯想都有興趣,2024-10-09,由於聯發科宣布與NVIDIA合作打造基於Arm的車載平台，也引發外界對於雙方合作的各種遐想，其中不外乎聯發科可能在天璣手機平台以NVIDIA GPU取代Arm的Mali，以及藉由微軟與高通的Windows on Snapdragon獨佔合作協議結束後進軍Windows on Arm平台；根據中國爆料指稱，聯發科與NVIDIA合作的首款Windows on Arm晶片有望於2025年下半年問世，將採用台積電3nm製程，華碩、Dell、HP與聯想都有可能推出終端裝置。 此爆料來源來自中國微博「手機晶片達人」，除了表示…,Cool3c.com,https://www.cool3c.com/article/226396,585
2454,"天璣 9400 登場！中國智慧手機換機潮較緩，大摩維持聯發科 1,588 元",2024-10-11,"美系外資摩根士丹利（大摩）出具最新報告指出，聯發科第三季營收季增 3.5%，第四季可能小幅下滑，因為中國智慧手機客戶有急單，主要是庫存補充，而非 AI 手機換機潮，整體給予「優於大盤」評價，目標價 1,588 元。 聯發科於這週舉辦天璣 9400 產品發表會，大摩認為雖然很多應用程式都有中國特色，但...",Technews.tw,https://technews.tw/2024/10/11/foreign-investors-see-mediatek/,597
2454,小米公布搭載聯發科天璣平台的Xiaomi 14T系列，將Xiaomi 14系列的精華特色下放至更親民價位且支援畫圈搜尋與Gemini,2024-09-26,小米在台灣時間2024年9月26日於德國公布針對國際市場的Xiaomi 14T系列，皆採用聯發科天璣平台，包括搭載天璣9300+的Xiaomi 14T Pro，以及搭載天璣8300 Ultra的Xiaomi 14T，強調將Xiaomi 14系列的重點功能下放到更親民價位的機型，包括出色的徠卡影像技術、快速充電、IP68防水等特色，此外也支援Google的AI功能，諸如畫圈搜尋、Gemini等，同時也強調支援專業錄影格式，提供導演模式、電影模式與MasterCinema三種錄影模式。 ▲Xiaomi 14T Pro…,Cool3c.com,https://www.cool3c.com/article/225577,583
2454,搭聯發科天璣 9400，vivo「演唱會神器」X200 系列亮相,2024-10-14,繼去年推出「攝日」手機 X100 Pro 後，稍早 vivo 再度推出以拍照能力為主打的新機款 vivo X200 系列；且今年 vivo 特別以「演唱會神器」為主軸，號稱採用業界最高蔡司 2 億畫素 APO 超級長焦鏡頭，大幅升級長焦拍攝功能。 要注意的是，X200 系列台灣版即將於 11 月下旬...,Technews.tw,https://technews.tw/2024/10/15/mtk-dimensity-9400-vivo-x200/,593
2454,本週將發表天璣 9400 傳打入三星，聯發科賀喜漲半根停板,2024-10-07,國內 IC 設計大廠聯發科即將在本週三發表新一代年度旗艦型手機處理器──天璣 9400，由於市場消息指出，延續上一代天璣 9300 手機處理器全大核心架構，加上台積電第二代 3 奈米 (N3E) 節點加持的價持，性價比較競爭對手高通 Snapdragon 8 Gen 4 高的情況下，將可望打入三星即...,Technews.tw,https://finance.technews.tw/2024/10/07/mediatek-dimensity-9400-is-rumored-to-enter-samsungs-supply-chain/,595
2454,聯發科9月營收月增7.6%,2024-10-09,"聯發科（2454）公布 9 月合併營收 446.76 億元，較上（8）月成長 7.6%，與去年同期相比為年增 23.8%；累計其今年前 9 月營收為 3,925.43 億元，較去年同期增加 29.2%。",Technews.tw,https://finance.technews.tw/2024/10/09/mtk-2454-202409-financial-report/,589
2454,聯發科公布天璣9400旗艦手機平台，效能節能兼具強調引領Agentic AI世代,2024-10-09,聯發科搶先高通Snapdragon 8 Gen 4之前宣布全新旗艦手機平台天璣9400，聯發科強調天璣9400是引領Agentic AI 5G世代的嶄新旗艦，建構在天璣平台5年的技術，以天璣9300的全大核CPU概念延伸，混用兩個年份的Arm CPU大核、新一代Arm Immortalis 925 GPU與聯發科第8代APU(NPU)，以台積電第二代3nm製程製造，在提升整體性能的同時，無論是CPU、GPU或NPU亦進一步降低能耗。 ▲天璣9400的關鍵特色 首批採用天璣9400的智慧手機將在2024年第四季上市…,Cool3c.com,https://www.cool3c.com/article/226277,587
2454,聯發科天璣 9400 AI 功能來勢洶洶，全大核與台積電 3 奈米加持力拚市場,2024-10-09,IC 設計大廠聯發科今日發表年度旗艦款 5G Agentic AI 處理器天璣 9400，號稱 Arm PC 架構等級處理器，提供邊緣 AI、沉浸式遊戲、極致影像體驗，採第二代全大核設計，結合 Arm v9.2 CPU 架構與最先進 GPU 和 NPU，展現極致性能和超高能效，發表後不久即有終端產品...,Technews.tw,https://technews.tw/2024/10/09/mediatek-dimensity-9400-ai-features-are-coming-in-droves/,601
2454,聯發科天璣 9400 將漲價 20%，但仍較高通 Snapdragon 8 Gen 4 便宜,2024-10-01,國內 IC 設計大廠聯發科正準備在 2024 年 10 月9日發布新一代旗艦型天璣 9400 處理器，而執行長蔡力行也對這款旗艦處理器的功能表現出強大信心。根據市場消息，天璣 9400 處理器不僅較競爭對手高通的 Snapdragon 8 Gen 3 處理器性能快 30%，而且功耗也降低了 40%。...,Technews.tw,https://technews.tw/2024/10/01/mediatek-dimensity-9400-will-increase-price-by-20/,599
2454,聯發科天璣9400於GFXBench Aztec測試項打敗A18 Pro處理器與M4處理器,2024-09-24,"聯發科預計於2024年10月推出天璣9400平台，並與在接近時間點的高通Snapdragon 8 Gen 4一決雌雄；根據數碼閒聊站的爆料，天璣9400於GFXBench Aztec 1440p測試項大幅輾壓蘋果的A18 Pro，甚至也超越PC級的M4處理器。 天璣9400搭載Arm CSS for Client解決方案當中的12核Arm Immortalis-G925 GPU，在GFXBench Aztec 1440p測試項取得134fps、共8,591幀的表現，只看到這裡是否覺得難以體會？作為對照iPhone…",Cool3c.com,https://www.cool3c.com/article/225198,582
2454,聯發科推出天璣 9400 處理器，強化 AI 應用、功耗更省,2024-10-09,"聯發科發表新一代旗艦處理器「天璣 9400」，採用第二代全大核設計，結合 Arm v9.2  CPU 架構，具備 agentic AI 強大功能，能支援各類生成式 AI 應用程式、提供個人化服務。聯發科發表新一代旗艦處理器「天璣 9400」，採用第二代全大核設計，結合 Arm v9.2  CPU 架構，具備 agentic AI 強大功能，能支援各類生成式 AI 應用程式、提供個人化服務，並支援裝置端 LoRA 訓練和影片生成。

天璣 9400 採用第二代全大核 CPU，由 3.62GHz 的 Arm Cort…",Techbang.com,https://www.techbang.com/posts/118726-mediatek-launches-dimensity-9400-processor,578
2454,聯發科攜手達發科技， Wi-Fi 7 與 10G-PON 平台整合方案打入歐洲營運商,2024-10-01,IC設計大廠聯發科攜手子公司達發科技，整合達發科技其擁有超過 20 年全球固網寬頻 IC 設計經驗，以業界最完整且最高效能之 Wi-Fi 7 網路通訊晶片與 10G-PON 平台整合方案打入歐洲營運商市場。 達發科技指出，聯手聯發科在過去三年，已有超過 30 個搭載 Wi-Fi 7 的 10G-PO...,Technews.tw,https://technews.tw/2024/10/01/wi-fi-7-and-10g-pon-platform-integration-solution/,590
2454,聯發科旗艦晶片天璣 9400 正式登場，主打「Agentic AI」讓手機跑更多 AI！,2024-10-09,聯發科特別強調天璣 9400 的「本機運算 AI 功能」，支援裝置端 LoRA 訓練和影片生成，賦予手機原生的本地生成式 AI 能力。,Inside.com.tw,https://www.inside.com.tw/article/36446-mediatek-dimensity-9400,579
2454,聯發科、達發攜手打造之Wi-Fi 7晶片與10G-PON平台整合方案獲歐洲一線電信業者採用，將於2025年陸續商轉,2024-09-30,聯發科與達發共同宣布基於雙方技術的Wi-Fi 7與10G-PON解決方案打入歐洲一線電信業者供應鏈，合作的歐洲電信業者預計於2025年推出搭載Wi-Fi 7的10G-PON服務，使歐洲最後一哩網路服務更快且能減少碳排放。 ▲聯發科與達發的解決方案結合雙方於Wi-Fi 7與固網的專業，成功獲得歐洲一線電信業者青睞 聯發科技與其專注於固網寬頻IC設計的子公司達發科技聯手打造搭載Wi-Fi 7的10G-PON方案，在過去3年已獲得多個全球一線營運商採用，其中幾項歐洲一線電信商的合作專案將於2025年初開始最終測試並商轉…,Cool3c.com,https://www.cool3c.com/article/225818,584
2603,長榮航空取消今明共5班往返香港與高雄航班,2024-10-01,長榮航空表示，受超強颱風「山陀兒」影響，今明兩日有共有5班往返香港及高雄的航班需要取消，呼籲旅客在前往機場前，先查閱航空公司網站的班機情況。 取消的航班包括今日由香港往高雄的 BR850，以及明日由香港往高雄BR846、BR850取消，由高雄往香港的BR845、BR849。 另外，香港快運宣布，受「山陀兒」影響，本月2及3日有24班往返香港及高雄、台中、台北的的航班需要取消。於本月3日前往或離開台中的乘客，可免費更改航點至台北或高雄，航空會豁免手續費及票價差額。,Yahoo Entertainment,https://consent.yahoo.com/v2/collectConsent?sessionId=1_cc-session_4b6defe9-6cc6-412c-959f-497d946c4e9e,636
2618,2024長榮航空線上旅展機票73折起 加碼無限次機票大獎,2024-10-14,記者蔣謙正／綜合報導 「2024長榮航空線上旅展」自今(15)日起至11月15日23:59止，凡於官網購買20 […],Yahoo Entertainment,https://consent.yahoo.com/v2/collectConsent?sessionId=1_cc-session_865dea18-1082-45f6-9cda-f8850768273f,635
2618,台最大單！長榮航空斥百億美元買33架新機,2024-10-21,[NOWnews今日新聞]長榮航空和空中巴士今（21）日共同簽訂「攜手永續飛航」合約書，雙方將深入探索最佳的脫碳路徑，並為採用永續航空燃油做足準備。此外，長榮航空斥資百億美元，未來即將導入的18架A3...,Yahoo Entertainment,https://tw.news.yahoo.com/%E5%8F%B0%E6%9C%80%E5%A4%A7%E5%96%AE-%E9%95%B7%E6%A6%AE%E8%88%AA%E7%A9%BA%E6%96%A5%E7%99%BE%E5%84%84%E7%BE%8E%E5%85%83%E8%B2%B733%E6%9E%B6%E6%96%B0%E6%A9%9F-101119727.html,606
2618,台灣航空史上最大訂單！長榮航砸百億美元買33架空巴 2027年交機,2024-10-21,長榮航（2618）總經理孫嘉明表示，淨零碳排是航空產業的共同目標，去（2023）年12月斥資百億美元，引進空巴33架最新一代可減少25％燃油消耗及二氧化碳排放量的飛機，陸續從2027年開始交機。孫嘉明說該筆訂單是台灣航空史上最大一筆購機訂單。,Yahoo Entertainment,https://tw.stock.yahoo.com/news/%E5%8F%B0%E7%81%A3%E8%88%AA%E7%A9%BA%E5%8F%B2%E4%B8%8A%E6%9C%80%E5%A4%A7%E8%A8%82%E5%96%AE-%E9%95%B7%E6%A6%AE%E8%88%AA%E7%A0%B8%E7%99%BE%E5%84%84%E7%BE%8E%E5%85%83%E8%B2%B733%E6%9E%B6%E7%A9%BA%E5%B7%B4-2027%E5%B9%B4%E4%BA%A4%E6%A9%9F-120853012.html,615
2618,台灣航空史最大訂單！長榮航砸百億美元買「空巴33架客機」交機時程曝光,2024-10-20,繼去年底斥資百億美元購機創紀錄後，長榮航空（2618）與空中巴士今（21）日共同舉辦「攜手永續飛航」活動，由長榮航空總經理孫嘉明、空中巴士民用飛機業務首席執行官Christian Scherer共同主持，除慶祝長榮航空即將導入18架A350-1000廣體客機、15架A321neo窄體客機，也見證雙方在未來永續合作上的倡議，朝向2050淨零碳排的目標前進。（記者：王翊綺）,Yahoo Entertainment,https://tw.news.yahoo.com/%E5%8F%B0%E7%81%A3%E8%88%AA%E7%A9%BA%E5%8F%B2%E6%9C%80%E5%A4%A7%E8%A8%82%E5%96%AE-%E9%95%B7%E6%A6%AE%E8%88%AA%E7%A0%B8%E7%99%BE%E5%84%84%E7%BE%8E%E5%85%83%E8%B2%B7-%E7%A9%BA%E5%B7%B433%E6%9E%B6%E5%AE%A2%E6%A9%9F-%E4%BA%A4%E6%A9%9F%E6%99%82%E7%A8%8B%E6%9B%9D%E5%85%89-074700874.html,613
2618,史上最大訂單！長榮航訂33架空巴 客機2027年第1季開始交機,2024-10-20,史上最大筆訂單！長榮航空（2618）斥資百億美元（折合新台幣3250億元）向空中巴士簽約將導入共計33架新機，總經理孫嘉明，受近來供應吃緊下，其中18架A350-1000廣體客機及15架A321neo窄體客機，將分別在2027年及2029年開始交機。今（21）日下午攜手空中巴士召開「攜手永續飛航」記者會，宣布共同合作倡議，朝2050淨零碳排目標邁進，展現航空業「脫碳」雄心。,Yahoo Entertainment,https://tw.stock.yahoo.com/news/%E5%8F%B2%E4%B8%8A%E6%9C%80%E5%A4%A7%E8%A8%82%E5%96%AE%EF%BC%81%E9%95%B7%E6%A6%AE%E8%88%AA%E8%A8%8233%E6%9E%B6%E7%A9%BA%E5%B7%B4-%E5%AE%A2%E6%A9%9F2027%E5%B9%B4%E7%AC%AC1%E5%AD%A3%E9%96%8B%E5%A7%8B%E4%BA%A4%E6%A9%9F-073528364.html,619
2618,旅遊旺季、高票價、高載客率 長榮航Q3營收571.6億元攀峰,2024-10-11,"長榮航空（2618）9月合併營收達173.6億元，與去年同期合併營收164億元相較，年增率為5.83％，客運營收達105.6億元，貨運營收達47.6億元；受惠暑假旅遊旺季、高票價及高載客率貢獻，第三季合併營收571.60億元，創單季營收新高，年增7.32％，季增3.23％；前九月合併營收達1,644.5億元，較去年同期成長12.41％。",Yahoo Entertainment,https://tw.stock.yahoo.com/news/%E6%97%85%E9%81%8A%E6%97%BA%E5%AD%A3-%E9%AB%98%E7%A5%A8%E5%83%B9-%E9%AB%98%E8%BC%89%E5%AE%A2%E7%8E%87-%E9%95%B7%E6%A6%AE%E8%88%AAq3%E7%87%9F%E6%94%B6571-6%E5%84%84%E5%85%83%E6%94%80%E5%B3%B0-092800253.html,620
2618,看準時機就賺錢！長榮航摔逾5%「投信卯起來撿」　週掃逾2萬張,2024-10-05,[FTNN新聞網]記者李惠婷／台北報導根據證交所公布籌碼動向，三大法人本週（9月30日至10月4日）合計賣超872.29億元，其中投信買進263.39億元、賣出223.75億元...,Yahoo Entertainment,https://tw.stock.yahoo.com/news/%E7%9C%8B%E6%BA%96%E6%99%82%E6%A9%9F%E5%B0%B1%E8%B3%BA%E9%8C%A2-%E9%95%B7%E6%A6%AE%E8%88%AA%E6%91%94%E9%80%BE5-%E6%8A%95%E4%BF%A1%E5%8D%AF%E8%B5%B7%E4%BE%86%E6%92%BF-%E9%80%B1%E6%8E%83%E9%80%BE2%E8%90%AC%E5%BC%B5-111000010.html,616
2618,華航、長榮航 迎貨運商機,2024-10-06,航空雙雄第4季有望出現客、貨雙好的好成績，華航（2610）、長榮航都受惠；大陸十一長假結束後，在各產業補貨潮的拉動下，航...,Yahoo Entertainment,https://tw.news.yahoo.com/%E8%8F%AF%E8%88%AA-%E9%95%B7%E6%A6%AE%E8%88%AA-%E8%BF%8E%E8%B2%A8%E9%81%8B%E5%95%86%E6%A9%9F-223434221.html,623
2618,萬海大哥「三進三鎖」爆拉9.9萬張　長榮航起飛...網：別待在陸地了,2024-09-23,"[FTNN新聞網]記者曾奕語／綜合報導台股今（24）日開低走高，上午11點30分左右由黑翻紅後上走，終場收22,431.78點，上揚146.25點、漲幅0.66%，成交金額為3448....",Yahoo Entertainment,https://tw.stock.yahoo.com/news/%E8%90%AC%E6%B5%B7%E5%A4%A7%E5%93%A5-%E4%B8%89%E9%80%B2%E4%B8%89%E9%8E%96-%E7%88%86%E6%8B%899-9%E8%90%AC%E5%BC%B5-%E9%95%B7%E6%A6%AE%E8%88%AA%E8%B5%B7%E9%A3%9B-063300075.html,618
2618,豪砸百億美元　長榮航採購33架空巴「交機時間曝」,2024-10-21,長榮航空去年底斥資百億美元（約新台幣3251億元），訂購33架最新一代空中巴士飛機，今（21）日與空巴進一步展開永續飛航協定，預估可節能燃油25%，朝向2050年淨零碳排的目標邁進。 長榮航空與,Yahoo Entertainment,https://tw.news.yahoo.com/%E8%B1%AA%E7%A0%B8%E7%99%BE%E5%84%84%E7%BE%8E%E5%85%83-%E9%95%B7%E6%A6%AE%E8%88%AA%E6%8E%A1%E8%B3%BC33%E6%9E%B6%E7%A9%BA%E5%B7%B4-%E4%BA%A4%E6%A9%9F%E6%99%82%E9%96%93%E6%9B%9D-082457476.html,607
2618,貨運看旺＋油價下跌，長榮航Q3營收可望優於Q2，獲利可期,2024-10-09,【財訊快報／記者劉居全報導】長榮航空(2618)8月合併營收199.27億元，連續3個月創新高，儘管9月合併營收尚未出爐，不過由於第二季合併營553.74億元，而長榮航光是7、8月2個月合併營收就逾398.02億元，雖然9月客運沒有暑假旺季加持，不過貨運仍看旺，法人估第三季合併營收仍可望超越第二季。而長榮航空參加桃園市政府舉辦的2024年桃園市推行職安衛與健康促進績優單位及人員頒獎典禮，獲「推行職業安全衛生優良家族」與「母性健康守護聯盟模範事業單位」雙項肯定，今(9)日由長榮航空總經理孫嘉明接受桃園市政府副市長蘇…,Yahoo Entertainment,https://tw.stock.yahoo.com/news/%E8%B2%A8%E9%81%8B%E7%9C%8B%E6%97%BA-%E6%B2%B9%E5%83%B9%E4%B8%8B%E8%B7%8C-%E9%95%B7%E6%A6%AE%E8%88%AAq3%E7%87%9F%E6%94%B6%E5%8F%AF%E6%9C%9B%E5%84%AA%E6%96%BCq2-%E7%8D%B2%E5%88%A9%E5%8F%AF%E6%9C%9F-080126580.html,629
2618,贊助橫濱DeNA海灣之星隊 長榮航空知名度大增 (圖),2024-09-23,長榮航空贊助日職橫濱DeNA海灣之星隊，23日攜手舉辦冠名賽「長榮航空日本航線30週年紀念賽」，邀請長榮航空日本支社社長陳啟偉（圖）擔任開球嘉賓。,Yahoo Entertainment,https://tw.sports.yahoo.com/news/%E8%B4%8A%E5%8A%A9%E6%A9%AB%E6%BF%B1dena%E6%B5%B7%E7%81%A3%E4%B9%8B%E6%98%9F%E9%9A%8A-%E9%95%B7%E6%A6%AE%E8%88%AA%E7%A9%BA%E7%9F%A5%E5%90%8D%E5%BA%A6%E5%A4%A7%E5%A2%9E-%E5%9C%96-151719777.html,624
2618,長榮航9月營收近174億元、年增率近6%,2024-10-11,[NOWnews今日新聞]長榮航9月合併營收達173.6億元，與去（2023）年同期合併營收164億元，年增率5.83%，客運營收105.6億元，貨運營收達47.6億元，累計今年1到9月合併營收達16...,Yahoo Entertainment,https://consent.yahoo.com/v2/collectConsent?sessionId=1_cc-session_d38bef48-6ba4-468e-9899-011814226504,610
2618,長榮航前9月合併營收年成長12.41%，獲全球最佳航空公司第9名,2024-10-11,"【財訊快報／記者劉居全報導】長榮航空(2618)9月合併營收達173.6億元，年增率為5.83%，客運營收達105.6億元，貨運營收達47.6億元；累計今年1至9月合併營收達1,644.5億元，較去年同期成長12.41%。客運方面，歐、美、澳長程航線維持穩定成長，其中加拿大、歐、澳航線整體載客率達9成；東南亞清邁、峴港及峇里島等旅遊航點，載客率達9成以上；日本旅遊需求暢旺且適逢中秋假期，載客率超過9成5。此外，長榮航空積極擴張運能，自11月26日起，桃園-西雅圖航線將由每週7班增為10班，整體北美航線將達每週87…",Yahoo Entertainment,https://tw.stock.yahoo.com/news/%E9%95%B7%E6%A6%AE%E8%88%AA%E5%89%8D9%E6%9C%88%E5%90%88%E4%BD%B5%E7%87%9F%E6%94%B6%E5%B9%B4%E6%88%90%E9%95%B712-41-%E7%8D%B2%E5%85%A8%E7%90%83%E6%9C%80%E4%BD%B3%E8%88%AA%E7%A9%BA%E5%85%AC%E5%8F%B8%E7%AC%AC9%E5%90%8D-085057752.html,612
2618,長榮航前三季營收1644億年成長12% 長程線載客率仍達九成,2024-10-11,"長榮航空（2618）今（11）日下午公布月合併營收達173.6億元，累計前三季營收1,644.5億元，較去年同期成長12.41%，其中歐、美、澳長程航線維持穩定成長，其中加拿大、歐、澳航線整體載客率達9成。",Yahoo Entertainment,https://tw.stock.yahoo.com/news/%E9%95%B7%E6%A6%AE%E8%88%AA%E5%89%8D%E4%B8%89%E5%AD%A3%E7%87%9F%E6%94%B61644%E5%84%84%E5%B9%B4%E6%88%90%E9%95%B712-%E9%95%B7%E7%A8%8B%E7%B7%9A%E8%BC%89%E5%AE%A2%E7%8E%87%E4%BB%8D%E9%81%94%E4%B9%9D%E6%88%90-092722223.html,632
2618,長榮航攜手空巴 邁向永續飛航,2024-10-21,長榮航與空巴21日共同舉辦「攜手永續飛航」活動，除慶祝長榮航斥資百億美元導入18架A350-1000廣體客機、15架 A321neo窄體客機外，並共同見證雙方在未來永續合作上的倡議，朝向2050年淨零碳排目標邁進。,Yahoo Entertainment,https://tw.stock.yahoo.com/news/%E9%95%B7%E6%A6%AE%E8%88%AA%E6%94%9C%E6%89%8B%E7%A9%BA%E5%B7%B4-%E9%82%81%E5%90%91%E6%B0%B8%E7%BA%8C%E9%A3%9B%E8%88%AA-201000026.html,604
2618,長榮航攜空巴邁向永續飛航，斥百億美元引進33架新客機，減少25%燃油,2024-10-20,【財訊快報／記者劉居全報導】長榮航空(2618)和空中巴士今(21)日於台北文華東方酒店，共同舉辦「攜手永續飛航」活動，由長榮航空總經理孫嘉明和空中巴士民用飛機業務首席執行官Christian Scherer共同主持，邀請民航局何淑萍局長、歐洲經貿辦事處及多國在台協會代表、旅行社業者和貨運業者，除慶祝長榮航空未來即將導入的18架A350-1000廣體客機和15架A321neo窄體客機，也一起見證長榮航空和空中巴士在未來永續合作上的倡議，朝向2050年淨零碳排的目標邁進。長榮航空總經理孫嘉明表示，展望未來全球航空產…,Yahoo Entertainment,https://tw.stock.yahoo.com/news/%E9%95%B7%E6%A6%AE%E8%88%AA%E6%94%9C%E7%A9%BA%E5%B7%B4%E9%82%81%E5%90%91%E6%B0%B8%E7%BA%8C%E9%A3%9B%E8%88%AA-%E6%96%A5%E7%99%BE%E5%84%84%E7%BE%8E%E5%85%83%E5%BC%95%E9%80%B233%E6%9E%B6%E6%96%B0%E5%AE%A2%E6%A9%9F-%E6%B8%9B%E5%B0%9125-%E7%87%83%E6%B2%B9-065108595.html,611
2618,長榮航：明年客貨運樂觀 評估達拉斯等新航點,2024-10-21,（中央社記者江明晏台北21日電）長榮航空向空中巴士訂購33架飛機，創台灣航空史上最大訂單，總經理孫嘉明今天表示，因供應鏈問題，A350-1000估2027年首季起交機，也將評估達拉斯等北美新航點；此外，「今年第2季起，貨運就沒淡過」，明年客、貨運也相當樂觀。,Yahoo Entertainment,https://consent.yahoo.com/v2/collectConsent?sessionId=1_cc-session_bbc25c0c-c9f3-44d1-af39-461bc647d643,609
2618,長榮航空Hello Kitty「閨蜜機」首航！台北-芝加哥酷萌登場超人氣明星齊亮相,2024-10-11,長榮航空再度掀起Hello Kitty熱潮！再度與三麗鷗公司攜手合作的全新Hello Kitty彩繪機「閨蜜機」正式亮相，首航台北至芝加哥航線。這架滿載夢幻與童趣的彩繪機，讓所有粉絲期待已久。為慶祝首航成功，長榮航空在桃園國際機場第二航廈舉行「長榮航空 Hello Kitty閨蜜機 台北-芝加哥酷萌登場」首航儀式，現場不僅有多位貴賓出席，還迎來了三位超人氣神秘嘉賓——Hello Kitty、酷洛米和美樂蒂，為活動增添無限歡樂。,Yahoo Entertainment,https://tw.news.yahoo.com/%E9%95%B7%E6%A6%AE%E8%88%AA%E7%A9%BAhello-kitty-%E9%96%A8%E8%9C%9C%E6%A9%9F-%E9%A6%96%E8%88%AA-%E5%8F%B0%E5%8C%97-070031619.html,626
2618,長榮航空X空中巴士　共推2050淨零碳排永續飛航,2024-10-21,【記者 王苡蘋╱綜合 報導】長榮航空和空中巴士今(21)日於台北文華東方酒店，共同舉辦「攜手永續飛航」活動，由,Yahoo Entertainment,https://consent.yahoo.com/v2/collectConsent?sessionId=1_cc-session_ec6e0062-0ce9-438e-93f6-cd2bc0d3a6e8,628
2618,長榮航空今推線上旅展，機票最低73折起,2024-10-14,"【財訊快報／記者劉居全報導】「2024長榮航空線上旅展」自今(15)日起至11月15日23:59止，凡於官網購買2025年9月30日前從台灣地區出發指定航線，可享有最低73折起優惠價，自10月25日起，再加碼「無限之旅」抽獎活動，週週抽出幸運得主；「無限萬哩遊」會員於線上旅展期間，至「會員優惠購票專區」購買指定航線機票另享專屬折扣，還可兌換免費機上Wi-Fi 流量50MB。長榮航空(2618)今日盤中股價一度達36.7元，漲幅逾2.22%。此次長榮航空線上旅展推出桃園-澳門來回未稅價2,401元起、桃園-香港來回…",Yahoo Entertainment,https://tw.stock.yahoo.com/news/%E9%95%B7%E6%A6%AE%E8%88%AA%E7%A9%BA%E4%BB%8A%E6%8E%A8%E7%B7%9A%E4%B8%8A%E6%97%85%E5%B1%95-%E6%A9%9F%E7%A5%A8%E6%9C%80%E4%BD%8E73%E6%8A%98%E8%B5%B7-030515337.html,631
2618,長榮航空入榜全球最佳航空 新款過夜包、睡衣驚喜現身,2024-10-10,美國生活旅遊雜誌Condé Nast Traveler日前公布2024年讀者大獎(Readers’ Choice Award)，長榮航空由讀者評選為全球最佳航空公司(The Best Airlines in the World)第九名，展現長榮航空穩定且優異的服務品質深受全球旅客的信賴與肯定。長榮航空同時宣布，本月將推出全新設計款式的皇璽桂冠艙Giorgio Armani過夜包，以及新一代與知名設計師吳季剛合作的皇璽桂冠艙睡衣，全套為淺灰底色。,Yahoo Entertainment,https://tw.stock.yahoo.com/news/%E9%95%B7%E6%A6%AE%E8%88%AA%E7%A9%BA%E5%85%A5%E6%A6%9C%E5%85%A8%E7%90%83%E6%9C%80%E4%BD%B3%E8%88%AA%E7%A9%BA-%E6%96%B0%E6%AC%BE%E9%81%8E%E5%A4%9C%E5%8C%85-%E7%9D%A1%E8%A1%A3%E9%A9%9A%E5%96%9C%E7%8F%BE%E8%BA%AB-022450814.html,614
2618,長榮航空取消今明共5班往返香港與高雄航班,2024-10-01,長榮航空表示，受超強颱風「山陀兒」影響，今明兩日有共有5班往返香港及高雄的航班需要取消，呼籲旅客在前往機場前，先查閱航空公司網站的班機情況。 取消的航班包括今日由香港往高雄的 BR850，以及明日由香港往高雄BR846、BR850取消，由高雄往香港的BR845、BR849。 另外，香港快運宣布，受「山陀兒」影響，本月2及3日有24班往返香港及高雄、台中、台北的的航班需要取消。於本月3日前往或離開台中的乘客，可免費更改航點至台北或高雄，航空會豁免手續費及票價差額。,Yahoo Entertainment,https://consent.yahoo.com/v2/collectConsent?sessionId=1_cc-session_4b6defe9-6cc6-412c-959f-497d946c4e9e,602
2618,長榮航空奪全球最佳航空公司第9名,2024-10-11,[NOWnews今日新聞]美國生活旅遊雜誌CondéNastTraveler日前公布2024年讀者大獎(Readers’ChoiceAward)，長榮航空由讀者評選為全球最佳...,Yahoo Entertainment,https://tw.news.yahoo.com/%E9%95%B7%E6%A6%AE%E8%88%AA%E7%A9%BA%E5%A5%AA%E5%85%A8%E7%90%83%E6%9C%80%E4%BD%B3%E8%88%AA%E7%A9%BA%E5%85%AC%E5%8F%B8%E7%AC%AC9%E5%90%8D-024608833.html,603
2618,長榮航空榮膺113年度職安衛與母性健康雙獎殊榮,2024-10-09,【記者 王苡蘋╱綜合 報導】長榮航空參加桃園市政府舉辦之113年桃園市推行職安衛與健康促進績優單位及人員頒獎典,Yahoo Entertainment,https://tw.news.yahoo.com/%E9%95%B7%E6%A6%AE%E8%88%AA%E7%A9%BA%E6%A6%AE%E8%86%BA113%E5%B9%B4%E5%BA%A6%E8%81%B7%E5%AE%89%E8%A1%9B%E8%88%87%E6%AF%8D%E6%80%A7%E5%81%A5%E5%BA%B7%E9%9B%99%E7%8D%8E%E6%AE%8A%E6%A6%AE-143138585.html,630
2618,長榮航空機票下殺73折起！香港來回免3千　加碼「無限飛」大獎,2024-10-14,"長榮航空推出「2024長榮航空線上旅展」，自今（15）日起至11月15日23:59止，凡於官網購買2025年9月30日前從台灣地區出發指定航線，可享有最低73折起的優惠價。包括桃園－澳門來回2401元起、桃園－巴黎來回22,865元起。（記者：楊晏琳）",Yahoo Entertainment,https://consent.yahoo.com/v2/collectConsent?sessionId=1_cc-session_cd9afb9d-8cfc-4b61-a754-ad56116311e3,633
2618,長榮航空、空中巴士攜手邁向永續飛航,2024-10-21,長榮航空、空中巴士二十一日於台北文華東方酒店共同舉辦「攜手永續飛航」 ...,Yahoo Entertainment,https://tw.news.yahoo.com/%E9%95%B7%E6%A6%AE%E8%88%AA%E7%A9%BA-%E7%A9%BA%E4%B8%AD%E5%B7%B4%E5%A3%AB%E6%94%9C%E6%89%8B%E9%82%81%E5%90%91%E6%B0%B8%E7%BA%8C%E9%A3%9B%E8%88%AA-125700114.html,625
2618,長榮航空線上旅展開跑 機票最低73折起,2024-10-15,「二○二四長榮航空線上旅展」即起至十一月十五日二十三時五十九分止，凡 ...,Yahoo Entertainment,https://tw.news.yahoo.com/%E9%95%B7%E6%A6%AE%E8%88%AA%E7%A9%BA%E7%B7%9A%E4%B8%8A%E6%97%85%E5%B1%95%E9%96%8B%E8%B7%91-%E6%A9%9F%E7%A5%A8%E6%9C%80%E4%BD%8E73%E6%8A%98%E8%B5%B7-121756492.html,634
2618,長榮航空與空中巴士舉辦永續飛航活動（1） (圖),2024-10-21,長榮航空與空中巴士21日下午在台北舉辦「永續飛航」活動，由長榮航空總經理孫嘉明（左）、空中巴士民用飛機業務首席執行官謝瑞爾（Christian Scherer）（右）共同主持。,Yahoo Entertainment,https://tw.news.yahoo.com/%E9%95%B7%E6%A6%AE%E8%88%AA%E7%A9%BA%E8%88%87%E7%A9%BA%E4%B8%AD%E5%B7%B4%E5%A3%AB%E8%88%89%E8%BE%A6%E6%B0%B8%E7%BA%8C%E9%A3%9B%E8%88%AA%E6%B4%BB%E5%8B%95-1-%E5%9C%96-104037709.html,605
2618,長榮航空與空中巴士舉辦永續飛航活動（2） (圖),2024-10-21,長榮航空向空中巴士訂購33架飛機，21日在台北共同舉辦「永續飛航」活動，會中長榮航空總經理孫嘉明（左）與空中巴士民用飛機業務首席執行官謝瑞爾（Christian Scherer）（右）互贈紀念品。,Yahoo Entertainment,https://tw.news.yahoo.com/%E9%95%B7%E6%A6%AE%E8%88%AA%E7%A9%BA%E8%88%87%E7%A9%BA%E4%B8%AD%E5%B7%B4%E5%A3%AB%E8%88%89%E8%BE%A6%E6%B0%B8%E7%BA%8C%E9%A3%9B%E8%88%AA%E6%B4%BB%E5%8B%95-2-%E5%9C%96-104039246.html,608
2618,長榮航空長期贊助橫濱DeNA海灣之星隊 成效佳 (圖),2024-09-23,長榮航空日本支社長陳啟偉23日受邀在橫濱球場擔任開球嘉賓。他表示，今年是第5年贊助橫濱球場、橫濱DeNA海灣之星隊，至今效果頗為顯著，提升了長榮航空的知名度。,Yahoo Entertainment,https://consent.yahoo.com/v2/collectConsent?sessionId=1_cc-session_ba08061e-15bf-44c3-b49e-38ffff837afa,627
2618,長榮航總經理孫嘉明：第4季貨運價會漲 明年客貨運均樂觀,2024-10-21,長榮航空（2618）總經理今（21）日與法國巴士共同舉行永續飛航記者會時提到對第4季及明年展望，他說第4季電子科技業交貨傳統旺季下，有機會貨運價格會上漲。至於展望2025年客貨運，他說國人出國旅遊需求仍大，客運還是相當好。貨運的話，貿易需求還是在也「預估樂觀」。,Yahoo Entertainment,https://tw.stock.yahoo.com/news/%E9%95%B7%E6%A6%AE%E8%88%AA%E7%B8%BD%E7%B6%93%E7%90%86%E5%AD%AB%E5%98%89%E6%98%8E%EF%BC%9A%E7%AC%AC4%E5%AD%A3%E8%B2%A8%E9%81%8B%E5%83%B9%E6%9C%83%E6%BC%B2-%E6%98%8E%E5%B9%B4%E5%AE%A2%E8%B2%A8%E9%81%8B%E5%9D%87%E6%A8%82%E8%A7%80-080859115.html,621
2618,長榮航總經理孫嘉明說：第4季貨運價會漲 明年客貨運均樂觀,2024-10-21,長榮航空（2618）總經理今（21）日與法國巴士共同舉行永續飛航記者會時提到對第4季及明年展望，他說第4季電子科技業交貨傳統旺季下，有機會貨運價格會上漲。至於展望2025年客貨運，他說國人出國旅遊需求仍大，客運還是相當好。貨運的話，貿易需求還是在也「預估樂觀」。,Yahoo Entertainment,https://tw.stock.yahoo.com/news/%E9%95%B7%E6%A6%AE%E8%88%AA%E7%B8%BD%E7%B6%93%E7%90%86%E5%AD%AB%E5%98%89%E6%98%8E%E8%AA%AA%EF%BC%9A%E7%AC%AC4%E5%AD%A3%E8%B2%A8%E9%81%8B%E5%83%B9%E6%9C%83%E6%BC%B2-%E6%98%8E%E5%B9%B4%E5%AE%A2%E8%B2%A8%E9%81%8B%E5%9D%87%E6%A8%82%E8%A7%80-080859702.html,617
2618,高股息ETF超強新兵來了 月月配10元親民價輕鬆存 前10成分股曝光 長榮航、玉山金、鈊象都有,2024-10-02,高股息ETF是存股族最愛，國內ETF受益人數前5名全由高股息包辦，目前總數達22檔，今年新掛牌就佔了5檔。上周又有1檔台股高股息ETF剛募集完成，FT臺灣永續高息（00961）甫於9/25~9/27募集，預計在10/15掛牌上市，台股高股息ETF將增至23檔。,Yahoo Entertainment,https://tw.stock.yahoo.com/news/%E9%AB%98%E8%82%A1%E6%81%AFetf%E8%B6%85%E5%BC%B7%E6%96%B0%E5%85%B5%E4%BE%86%E4%BA%86-%E6%9C%88%E6%9C%88%E9%85%8D10%E5%85%83%E8%A6%AA%E6%B0%91%E5%83%B9%E8%BC%95%E9%AC%86%E5%AD%98-%E5%89%8D10%E6%88%90%E5%88%86%E8%82%A1%E6%9B%9D%E5%85%89-%E9%95%B7%E6%A6%AE%E8%88%AA-%E7%8E%89%E5%B1%B1%E9%87%91-034239136.html,622
2881,14家金控前3季獲利衝破5000億元！7家賺贏去年 富邦金奪三冠王,2024-10-11,14 家上市金控 2024 年 9 月自結獲利全數出爐，單月稅後純益合計 367.85 億元，較前一月成長約 13%，14 家前三季獲利突破 5000 億元，合賺 5012.67 億元，創下歷史同期新高紀錄，年增 47.,Yahoo Entertainment,https://tw.stock.yahoo.com/news/14%E5%AE%B6%E9%87%91%E6%8E%A7%E5%89%8D3%E5%AD%A3%E7%8D%B2%E5%88%A9%E8%A1%9D%E7%A0%B45000%E5%84%84%E5%85%83-7%E5%AE%B6%E8%B3%BA%E8%B4%8F%E5%8E%BB%E5%B9%B4-%E5%AF%8C%E9%82%A6%E9%87%91%E5%A5%AA%E4%B8%89%E5%86%A0%E7%8E%8B-103225683.html,718
2881,7家金控前3季賺贏去年全年 富邦金穩坐獲利王,2024-10-11,（中央社記者羅元駿、謝方娪、張璦台北11日電）14家上市金控9月獲利出爐，到今年底還剩1季，目前已有7家金控前3季稅後賺贏去年全年。富邦金單月稅後淨利、累計稅後淨利和每股盈餘，已連5個月奪下金控業獲利3冠王寶座。,Yahoo Entertainment,https://tw.news.yahoo.com/7%E5%AE%B6%E9%87%91%E6%8E%A7%E5%89%8D3%E5%AD%A3%E8%B3%BA%E8%B4%8F%E5%8E%BB%E5%B9%B4%E5%85%A8%E5%B9%B4-%E5%AF%8C%E9%82%A6%E9%87%91%E7%A9%A9%E5%9D%90%E7%8D%B2%E5%88%A9%E7%8E%8B-113358283.html,717
2881,台塑四寶市值縮到一家富邦金　謝金河讚南亞這一步跨出轉型,2024-09-26,台股站穩2萬2000點，但是台塑四寶股價卻逆勢走低，市值縮到只比一家富邦金多一點，財信傳媒董事長謝金河感嘆，這是很不思議的情況。不過，謝金河說，昨天（26日）在全球台商經濟論壇中的南亞攤位上，看到昔日,Yahoo Entertainment,https://tw.news.yahoo.com/%E5%8F%B0%E5%A1%91%E5%9B%9B%E5%AF%B6%E5%B8%82%E5%80%BC%E7%B8%AE%E5%88%B0-%E5%AE%B6%E5%AF%8C%E9%82%A6%E9%87%91-%E8%AC%9D%E9%87%91%E6%B2%B3%E8%AE%9A%E5%8D%97%E4%BA%9E%E9%80%99-%E6%AD%A5%E8%B7%A8%E5%87%BA%E8%BD%89%E5%9E%8B-063633026.html,716
2881,台塑四寶縮到剩「一家富邦金」？謝金河曝南亞動了：過去看不起的產品出現了,2024-09-26,台股連兩日開紅盤，今（27）日四大權值股開火，早盤最高來到2萬3066點，財信傳媒董事長謝金河指出，近年台股不斷往上，...,Yahoo Entertainment,https://consent.yahoo.com/v2/collectConsent?sessionId=1_cc-session_e542ef6c-2c9b-40bc-8610-db5371c3ef93,721
2881,富邦金9月賺近79億創新高　奪獲利三冠王、前9月EPS增至8.6元,2024-10-11,富邦金控今（11）日公布獲利自結數，9月稅後純益78.6億元、年增45.6%，單月獲利金額創下歷年同期新高，前9月稅後純益1211.9億元...,Yahoo Entertainment,https://tw.news.yahoo.com/%E5%AF%8C%E9%82%A6%E9%87%919%E6%9C%88%E8%B3%BA%E8%BF%9179%E5%84%84%E5%89%B5%E6%96%B0%E9%AB%98-%E5%A5%AA%E7%8D%B2%E5%88%A9%E4%B8%89%E5%86%A0%E7%8E%8B-%E5%89%8D9%E6%9C%88eps%E5%A2%9E%E8%87%B38-6%E5%85%83-134637318.html,719
2881,富邦金前9月大賺1212億 續登金控獲利三冠王,2024-10-11,"金控獲利出爐!富邦金控自結獲利，9月獲利78.6億元，單月獲利創下歷年9月新高；累計今年前9月合併稅後賺1,211.9億元，為歷年前9月次高紀錄，每股稅後盈餘(EPS)為8.6元；富邦金單月、累計前9月及EPS均贏過所有金控同業，繼續榮登金控「獲利三冠王」寶座。",Yahoo Entertainment,https://tw.stock.yahoo.com/news/%E5%AF%8C%E9%82%A6%E9%87%91%E5%89%8D9%E6%9C%88%E5%A4%A7%E8%B3%BA1212%E5%84%84-%E7%BA%8C%E7%99%BB%E9%87%91%E6%8E%A7%E7%8D%B2%E5%88%A9%E4%B8%89%E5%86%A0%E7%8E%8B-143231186.html,713
2881,"富邦金前三季大賺1,211.9億 EPS 8.6元",2024-10-11,"富邦金控11日公告今年9月自結稅前盈餘104.7億元、稅後盈餘78.6億元，單月獲利創下歷年9月新高；累計前三季合併稅前淨利1,365億元、稅後淨利1,211.9億元，較去年同期成長逾78％，寫下歷年同期次高紀錄，每股稅後盈餘（EPS）為8.6元。",Yahoo Entertainment,https://tw.stock.yahoo.com/news/%E5%AF%8C%E9%82%A6%E9%87%91%E5%89%8D%E4%B8%89%E5%AD%A3%E5%A4%A7%E8%B3%BA1-211-9%E5%84%84-eps-8-082622045.html,712
2881,富邦金前三季大賺1212億元創史上次高 每股獲利8.6元居冠,2024-10-11,"富邦金控（2881）今（11）日下午公布9月自結稅後淨利78.6億元，單月獲利創下歷年9月新高，月增高達42%；累計今年前9月合併稅後淨利1,211.9億元，為歷年前9月次高紀錄，年增率為78.8%，每股稅後盈餘(EPS)為8.6元，穩居金控獲利三冠王寶座。",Yahoo Entertainment,https://tw.stock.yahoo.com/news/%E5%AF%8C%E9%82%A6%E9%87%91%E5%89%8D%E4%B8%89%E5%AD%A3%E5%A4%A7%E8%B3%BA1212%E5%84%84%E5%85%83%E5%89%B5%E5%8F%B2%E4%B8%8A%E6%AC%A1%E9%AB%98-%E6%AF%8F%E8%82%A1%E7%8D%B2%E5%88%A986%E5%85%83%E5%B1%85%E5%86%A0-083506395.html,720
2881,富邦金實際行動 守護生態環境,2024-10-13,為深化員工永續意識，富邦金今年擴大舉辦員工永續生態活動，第一場次前往陽明山國家公園、第二場登上基隆和平島，透過認識外來種的陸域活動、清除潮間帶海洋廢棄物的海域活動，共帶領金控及七大子公司在內近150位富邦同仁，上山下海以實際行動來守護台灣生態環境。,Yahoo Entertainment,https://tw.news.yahoo.com/%E5%AF%8C%E9%82%A6%E9%87%91%E5%AF%A6%E9%9A%9B%E8%A1%8C%E5%8B%95-%E5%AE%88%E8%AD%B7%E7%94%9F%E6%85%8B%E7%92%B0%E5%A2%83-201000270.html,711
2881,鉅亨速報 - Factset 最新調查：富邦金(2881-TW)EPS預估上修至9.06元，預估目標價為93.81元,2024-09-22,FactSet 最新調查：富邦金(2881-TW)EPS預估上修，預估EPS、預估營收、目標價、歷史獲利表現、即時新聞資訊。,Yahoo Entertainment,https://tw.stock.yahoo.com/news/%E9%89%85%E4%BA%A8%E9%80%9F%E5%A0%B1-factset-%E6%9C%80%E6%96%B0%E8%AA%BF%E6%9F%A5-%E5%AF%8C%E9%82%A6%E9%87%91-2881-001055443.html,715
2881,驚人！國泰金、富邦金獲利雙雙躍升「千億元俱樂部成員」占整體比重逾4成,2024-10-11,"驚人！國泰金（2882）、富邦金（2881）前3季自結獲利今（11）日「壓軸」登場，2家雙雙躍升「千億元俱樂部成員」，各賺1,211.9億元及1,031.9億元，2家合計已占整體14家金控比重高達四成之多，也難怪富邦金股價來到9字頭，國泰金也即將挑戰7字頭高位。",Yahoo Entertainment,https://tw.stock.yahoo.com/news/%E9%A9%9A%E4%BA%BA%EF%BC%81%E5%9C%8B%E6%B3%B0%E9%87%91%E3%80%81%E5%AF%8C%E9%82%A6%E9%87%91%E7%8D%B2%E5%88%A9%E9%9B%99%E9%9B%99%E8%BA%8D%E5%8D%87%E3%80%8C%E5%8D%83%E5%84%84%E5%85%83%E4%BF%B1%E6%A8%82%E9%83%A8%E6%88%90%E5%93%A1%E3%80%8D%E5%8D%A0%E6%95%B4%E9%AB%94%E6%AF%94%E9%87%8D%E9%80%BE4%E6%88%90-091202347.html,714