healthID,title,date,content,source,url,id
1,43歲男子確診猴痘　曾訪泰國和台灣並有高風險接觸,2024-10-02,一名以往健康良好的43歲男子確診猴痘，現時情況穩定，已入住瑪嘉烈醫院。 該名病人潛伏期內曾到訪泰國和台灣，在當地曾有高風險接觸。他上月24日起出疹，之後兩度向灣仔男性社會衞生科診所求診。 衞生防護中心表示，中心暫未發現個案與本港早前錄得的其他猴痘確診個案有流行病學關連，正繼續進行流行病學調查，會通報世界衞生組織。 中心提醒市民提高警覺，避免與懷疑感染猴痘的人士作密切身體接觸，同時強烈建議高風險目標群組人士接種猴痘疫苗。,Yahoo Entertainment,https://hk.news.yahoo.com/43%E6%AD%B2%E7%94%B7%E5%AD%90%E7%A2%BA%E8%A8%BA%E7%8C%B4%E7%97%98-%E6%9B%BE%E8%A8%AA%E6%B3%B0%E5%9C%8B%E5%92%8C%E5%8F%B0%E7%81%A3%E4%B8%A6%E6%9C%89%E9%AB%98%E9%A2%A8%E9%9A%AA%E6%8E%A5%E8%A7%B8-122613047.html,123
1,68歲翁「咳嗽、走路喘」確診肺癌　3D影像＋微創手術成功重拾健康,2024-09-30,【健康醫療網／記者王冠廷報導】長期吸菸的江姓男子平時常咳嗽、走路易喘，日常生活雖無其他不適，仍在親友勸說下至醫院進行低劑量電腦斷層肺癌篩檢，一檢查竟真中鏢。由於江男肺部結節小於3公分，且並無擴散跡象，在胸腔內外科醫師團隊評估下建議手術，但江男擔心年紀大，手術可能傷了元氣，術後恢復遙遙無期，對開刀一度抗拒。 3D影像重組技術 讓手術治療更精準 羅東博愛醫院胸腔外科白楚彬醫師將多張電腦斷層以「3D影像重組系統」模擬手術路徑，向江男詳細解釋，透過單孔胸腔鏡手術，胸上傷口至結節僅兩點一線，精準的微創方式治療，既能完整根除…,Yahoo Entertainment,https://consent.yahoo.com/v2/collectConsent?sessionId=1_cc-session_9cb5d42f-aa72-47a2-a543-2971fc57da20,146
1,乳房摸到硬塊，確診「良性腫瘤」該切除嗎？ 醫給答案...3情況建議要拿掉,2024-10-12,小玲在乳房外側摸到一顆一元硬幣大小的硬塊，到醫院檢查經診斷後雖然是屬於良性腫瘤，但她仍然擔心哪天會不會演變成惡性？經常為此困擾不已，想將它拿掉，以絕後患！卻又擔心切除後乳房會變形、還會留下傷疤。 哪些良性腫瘤可能轉變為癌症？ 良性腫瘤是指細胞在分裂過程中不受控制造成不正常的增生，一般認為與體質、年齡及荷爾蒙改變有關，但實際成因不明，至於會不會演變成為惡性腫瘤，就要看腫瘤類型，仍然有轉為惡性的可能。中國醫藥大學附設醫院乳房外科研究醫師廖庭儀指出，有少數良性腫瘤如非典型乳管增生（ADH）之後成為惡性腫瘤的機會較高。這…,Yahoo Entertainment,https://consent.yahoo.com/v2/collectConsent?sessionId=1_cc-session_8022a276-7696-4a72-afb6-74988e0352b1,149
1,北市首例本土登革熱！文山區7旬老翁確診　未曾到過中和、新店,2024-10-02,[周刊王CTWANT] 衛生局表示，針對確診個案居住地周遭半徑100公尺範圍，進行病媒蚊密度調查及孳生源清除等防治工作，並於昨晚緊急召開文山區區級應變中心會議，啟動跨機關防治作為。此外，截至昨日，台北市累計41例登革熱病例， 40例境外移入病例、1例本土病例，感染地以東南亞國家為主。衛生...,Yahoo Entertainment,https://consent.yahoo.com/v2/collectConsent?sessionId=1_cc-session_915df814-596a-4d35-ae23-b3a39576f2b7,129
1,台日混血女大生返台低燒乾咳 X光照「大片白」確診黴漿菌肺炎,2024-10-17,台中一名台日混血女大生，從日本回台後出現乾咳低燒，以為是感冒，但吃藥沒效，到台中醫院照X光後發現，肺部白了一大塊，原來是感染了黴漿菌肺炎。,Yahoo Entertainment,https://tw.news.yahoo.com/%E5%8F%B0%E6%97%A5%E6%B7%B7%E8%A1%80%E5%A5%B3%E5%A4%A7%E7%94%9F%E8%BF%94%E5%8F%B0%E4%BD%8E%E7%87%92%E4%B9%BE%E5%92%B3-x%E5%85%89%E7%85%A7-%E5%A4%A7%E7%89%87%E7%99%BD-%E7%A2%BA%E8%A8%BA%E9%BB%B4%E6%BC%BF%E8%8F%8C%E8%82%BA%E7%82%8E-065843432.html,145
1,女童上週才打疫苗！媽傻眼「確診A型流感」　醫師揭原因,2024-10-09,今年度公費流感及新冠疫苗10月1日正式開打一週，打氣出現兩樣情。衛福部疾病管制署8日公布，流感疫苗接種進度人數較去年同期略低。小兒科醫師顏俊宇也分享，有位家長向他哀號，小孩上週才剛打流感疫苗，怎料還是得到流感，對此，他也給出解釋，並呼籲大家最好趕快去施打。,Yahoo Entertainment,https://tw.news.yahoo.com/%E5%A5%B3%E7%AB%A5%E4%B8%8A%E9%80%B1%E6%89%8D%E6%89%93%E7%96%AB%E8%8B%97-%E5%AA%BD%E5%82%BB%E7%9C%BC-%E7%A2%BA%E8%A8%BAa%E5%9E%8B%E6%B5%81%E6%84%9F-%E9%86%AB%E5%B8%AB%E6%8F%AD%E5%8E%9F%E5%9B%A0-012300190.html,144
1,山陀兒風災後首例類鼻疽！疾管署：高雄6旬男「曾接觸污泥」確診,2024-10-14,[Newtalk新聞] 山陀兒風災後，高雄市爆出首例類鼻疽個案！疾管署今(15)日公布，1名60多歲高雄男性確診，患者本月6日開始出現發燒、呼吸困難及四肢無力等症狀，8日因肺炎住院，11日經血液培養確診類鼻疽。疾管署表示，患者有高血壓、氣喘病史，並曾接觸污水、污泥。目前正在一般病房接受治療。 疾管署表示，今(2024)年國內已累計96例本土類鼻疽確定病例(17例死亡)，為2001年以來同期最高，96例本土病例以65歲以上(55例)和50-64歲(31例)為主要年齡層，分布縣市以高雄市(72例)、臺南市(10例)、…,Yahoo Entertainment,https://tw.news.yahoo.com/%E5%B1%B1%E9%99%80%E5%85%92%E9%A2%A8%E7%81%BD%E5%BE%8C%E9%A6%96%E4%BE%8B%E9%A1%9E%E9%BC%BB%E7%96%BD-%E7%96%BE%E7%AE%A1%E7%BD%B2-%E9%AB%98%E9%9B%846%E6%97%AC%E7%94%B7-%E6%9B%BE%E6%8E%A5%E8%A7%B8%E6%B1%A1%E6%B3%A5-%E7%A2%BA%E8%A8%BA-074215472.html,148
1,山陀兒颱風後首例類鼻疽　高雄60多歲男接觸汙水發燒確診,2024-10-14,山陀兒颱風後爆出首例類鼻疽個案！疾管署今日公布，60多歲高雄男子月初出現發燒、呼吸困難、四肢無力等症狀，送醫診斷肺炎住院，他本身有慢性病及汙水、汙泥暴露史，後確診類鼻疽。,Yahoo Entertainment,https://consent.yahoo.com/v2/collectConsent?sessionId=1_cc-session_d8a64c2f-7938-4c1e-89ad-92f153c8a151,133
1,快訊/麻疹又來了！上週境外移入+1例　30歲男富國島旅遊回台確診,2024-10-07,疾管署今（8）日公布國內新增1例境外移入麻疹確定病例，為北部30多歲男性，9月14日至18日赴越南富國島旅遊，9月23日至29日間陸續出現發燒、腹瀉、咳嗽、喉嚨痛等症狀多次就醫，9月29日出現紅疹，再次至醫院急診，當日即安排住院隔離治療，經通報檢驗確診，並已於10月5日出院返家。,Yahoo Entertainment,https://tw.news.yahoo.com/%E5%BF%AB%E8%A8%8A-%E9%BA%BB%E7%96%B9%E5%8F%88%E4%BE%86%E4%BA%86-%E4%B8%8A%E9%80%B1%E5%A2%83%E5%A4%96%E7%A7%BB%E5%85%A5-1%E4%BE%8B-30%E6%AD%B2%E7%94%B7%E5%AF%8C%E5%9C%8B%E5%B3%B6%E6%97%85%E9%81%8A%E5%9B%9E%E5%8F%B0%E7%A2%BA%E8%A8%BA-063914126.html,137
1,拖三年才確診！中年婦「乾燥症」害眼睛乾、皮膚癢　醫示警：嚴重恐肺炎,2024-10-17,一名年過50的孔小姐眼睛乾澀、有異物感超過三年，最初於眼科診斷為虹彩炎，接受類固醇眼藥水治療，因症狀反覆發作，再度至醫院檢查，確診為乾燥症。經中醫治療半個月後，症狀明顯有所改善。,Yahoo Entertainment,https://tw.news.yahoo.com/%E6%8B%96%E4%B8%89%E5%B9%B4%E6%89%8D%E7%A2%BA%E8%A8%BA-%E4%B8%AD%E5%B9%B4%E5%A9%A6-%E4%B9%BE%E7%87%A5%E7%97%87-%E5%AE%B3%E7%9C%BC%E7%9D%9B%E4%B9%BE-%E7%9A%AE%E8%86%9A%E7%99%A2-024107340.html,134
1,新冠確診病人醫院逞兇　殺傷護理師判賠913萬,2024-10-16,CNEWS匯流新聞網記者張孝義／台北報導 洪姓新冠肺炎確診患者入住醫院隔離病房，卻擅自離開病房，還將攔阻的3名護理師殺傷，最高法院依2個殺人未遂、1個傷害罪判處洪男9年4月定讞；3名受傷護理師提出民事求償，新北地院判洪男賠償3名護理師共913萬5348元，洪男上訴二審，高院民庭今（16）日駁回上訴。可上訴。 洪姓被告罹患新冠肺炎入住雙和醫院負壓隔離病房期間，...,Yahoo Entertainment,https://consent.yahoo.com/v2/collectConsent?sessionId=1_cc-session_12aeb943-d3c8-4ba6-b9c4-7c5f881686d8,127
1,新增兩宗類鼻疽確診　兩名長期病患長者情況穩定,2024-10-10,衞生防護中心由上星期五至昨日，錄得兩宗新增感染類鼻疽確診個案，兩名病人現時情況穩定。 首宗個案涉及一名居於深水埗有長期病患的83歲女子，她上月20日起出現發燒及咳嗽，本月1日入住威爾斯醫院接受治療。 另一宗個案涉及一名居於觀塘有長期病患的82歲男子，他自8月起右頸出現腫塊，上月20日起出現發燒、咳嗽及呼吸困難，同日入住伊利沙伯醫院接受治療。 本港今年共錄得18宗類鼻疽個案，2023年共錄得17宗類鼻疽個案。,Yahoo Entertainment,https://consent.yahoo.com/v2/collectConsent?sessionId=1_cc-session_9fbe5ee7-2869-4311-9144-b3489d3efeef,126
1,本土登革熱新店再增1例！66歲女發燒、頭痛　就醫檢查後確診,2024-10-04,新北市新增1例本土登革熱病例，為新店區66歲女，於10月2日出現發燒、頭痛等疑似症狀，就醫通報送驗後確診，目前症狀緩解，經調査仍與目前高風險區域有關，研判感染範圍未擴大，截至10月3日新北累計60例本土登革熱病例。,Yahoo Entertainment,https://consent.yahoo.com/v2/collectConsent?sessionId=1_cc-session_fee7dcd1-2b79-47de-bfca-14d1dad52263,140
1,本港整體侵入性乙型鏈球菌每日確診者平穩　逾90病人中4人離世,2024-10-04,衞生防護中心表示，根據近兩周醫院的監測數據顯示，整體侵入性乙型鏈球菌的每日確診人數已維持平穩。群組累計91名病人，其中4人已去世。 針對入院病人的樣本化驗分析，自上月27日的匯報後，中心今日再確認12宗較早前入院的個䅁屬基因序列型283，即是ST283，分別為5男7女，年齡49至97歲，他們主要出現敗血症及關節膿腫。連同早前公布的79宗ST283感染個案，群組累計涉及91名病人，居於全港18區，全部病人在上月中旬前發病，當中70名病人本身有長期病患。40人已出院，43名留院病人情況穩定，4人情況嚴重，另外4名有長…,Yahoo Entertainment,https://hk.news.yahoo.com/%E6%9C%AC%E6%B8%AF%E6%95%B4%E9%AB%94%E4%BE%B5%E5%85%A5%E6%80%A7%E4%B9%99%E5%9E%8B%E9%8F%88%E7%90%83%E8%8F%8C%E6%AF%8F%E6%97%A5%E7%A2%BA%E8%A8%BA%E8%80%85%E5%B9%B3%E7%A9%A9-%E9%80%BE90%E7%97%85%E4%BA%BA%E4%B8%AD4%E4%BA%BA%E9%9B%A2%E4%B8%96-122858229.html,124
1,本港新增一宗感染類鼻疽確診個案　74歲患者情況穩定,2024-10-04,衞生防護中心公布，過去一星期錄得一宗新增感染類鼻疽確診個案，患者是一名有長期病患的74歲男子，居於將軍澳。他於上月21日起出現發燒及腳腫，同日入住將軍澳醫院接受治療。病人現時情況穩定。他的臨床樣本經化驗證實對類鼻疽伯克氏菌呈陽性反應。 中心正調查個案的感染源頭，流行病學調查仍在進行中。本港今年共錄得16宗類鼻疽個案。去年共錄得17宗。 中心重申，類鼻疽病菌一般不會人傳人或經動物傳人，但類鼻疽病菌可存活於本地環境，再次提醒市民，類鼻疽可經受污染的土壤和水於颱風和暴雨期間及之後傳播。高風險人士應避免使用雨水渠道附近的…,Yahoo Entertainment,https://hk.news.yahoo.com/%E6%9C%AC%E6%B8%AF%E6%96%B0%E5%A2%9E-%E5%AE%97%E6%84%9F%E6%9F%93%E9%A1%9E%E9%BC%BB%E7%96%BD%E7%A2%BA%E8%A8%BA%E5%80%8B%E6%A1%88-74%E6%AD%B2%E6%82%A3%E8%80%85%E6%83%85%E6%B3%81%E7%A9%A9%E5%AE%9A-105326461.html,125
1,東南亞旅遊 男確診屈公病,2024-10-22,記者葉進耀∕台南報導 住善化區的一名二十多歲男子到泰國、印度等東南亞國家旅遊，返台出現發燒症狀，經機場登革熱快 […],Yahoo Entertainment,https://tw.news.yahoo.com/%E6%9D%B1%E5%8D%97%E4%BA%9E%E6%97%85%E9%81%8A-%E7%94%B7%E7%A2%BA%E8%A8%BA%E5%B1%88%E5%85%AC%E7%97%85-133841232.html,132
1,混血女大生赴日探親小感冒　回台「右肺白一片」確診染黴漿菌肺炎,2024-10-18,[周刊王CTWANT] 入秋後日夜溫差大，門診出現黴漿菌肺炎感染案例。台日混血女大生9月赴日探親返台，作息日夜顛倒加上溫差大，出現低燒、乾咳就醫，服藥1周未改善甚至會呼吸喘、咳嗽、食慾變差、痰咳不出來，赴台中醫院X光一照發現「右肺下方一大片都白了」，確診是黴漿菌肺炎，且併發罕見壞死...,Yahoo Entertainment,https://consent.yahoo.com/v2/collectConsent?sessionId=1_cc-session_1a080cc4-b7db-4cae-b275-e4bc94a3f81a,143
1,澳門確診今年首宗本地登革熱感染個案,2024-10-23,澳門確診今年首宗本地登革熱感染個案。56歲男患者在本月18日開始出現發熱、頭痛及肌肉痛，曾在醫療機構就醫，後因症狀持續，22日到珠海醫院求診，懷疑感染登革熱後，回澳門政府醫院就醫，經血液化驗確診感染登革熱。患者否認在潛伏期內有外遊史。 澳門衛生局已派員到患者位於北區青洲海棠巷住所，以及工作的紀念孫中心市政公園和二龍喉公園，進行病例搜尋，孳生源巡查以及防範性滅蚊工作。衛生局又提醒，澳門仍處於蚊媒傳播疾病季節，廣東省亦有較多本地傳播個案，居民不能掉以輕心。 澳門今年已確診15宗輸入登革熱個案，單在本月已就有10宗。,Yahoo Entertainment,https://consent.yahoo.com/v2/collectConsent?sessionId=1_cc-session_90656324-c8f8-47ac-85e8-e6b5f64e0b18,130
1,男子確診擅離隔離病房還持刀刺傷3女護理師 二審維持判賠913萬餘元,2024-10-16,新北市洪姓男子在民國110年5月確診COVID-19，在衛福部雙和醫院隔離期間，擅離病房並持刀攻擊3名女護理師成重傷。二審今天維持一審認定判洪男須賠償3人共新台幣913萬餘元，可上訴。洪男被控刑事案件部分，已遭判刑9年4月確定。,Yahoo Entertainment,https://tw.news.yahoo.com/%E7%94%B7%E5%AD%90%E7%A2%BA%E8%A8%BA%E6%93%85%E9%9B%A2%E9%9A%94%E9%9B%A2%E7%97%85%E6%88%BF%E9%82%84%E6%8C%81%E5%88%80%E5%88%BA%E5%82%B73%E5%A5%B3%E8%AD%B7%E7%90%86%E5%B8%AB-%E4%BA%8C%E5%AF%A9%E7%B6%AD%E6%8C%81%E5%88%A4%E8%B3%A0913%E8%90%AC%E9%A4%98%E5%85%83-111935501.html,128
1,男子確診這病竟要包尿布！ 醫：治療不慎恐留永久影響,2024-10-15,【NOW健康 翁靖祐／新北報導】30歲的吳先生，多年前於臀部、腋下及胸口長出幾粒伴隨著化膿的凸起顆粒，患處不僅反覆紅腫流膿、疼痛難耐、散發異味，還需墊著多層紗布，甚至要包尿布，才能防止膿汁滲透到外衣褲，造成生活極大不便。至台北慈濟醫院皮膚科廖澤源醫師門診就診後，診斷為化膿性汗腺炎，廖醫師決定替吳先生向健保申請專案生物製劑治療，如今，吳先生的患處已經大幅進步。 化膿性汗腺炎治療勿拖延 不只疼痛難耐更影響心理 化膿性汗腺炎為一種罕見的自體發炎疾病，根據統計，發病年齡多介於15至24歲之間，且體型肥胖或是有抽菸習慣者更…,Yahoo Entertainment,https://consent.yahoo.com/v2/collectConsent?sessionId=1_cc-session_a69a7685-0b77-49e4-a9a2-b82857193038,147
1,確診血管阻塞 支架手術打通8成,2024-10-08,35歲陳姓新手爸爸日前抱著剛出生孩子上樓換尿布，結果才走到二樓就感到 ...,Yahoo Entertainment,https://consent.yahoo.com/v2/collectConsent?sessionId=1_cc-session_aef49dd4-63f6-4181-acb5-80c4fd0556af,131
1,肺癌致死率第一！肺癌權威：確診後3至4月是「救命」黃金期！,2024-10-04,"肺癌連續蟬聯台灣癌症死亡率第一名，每年約有9,700人死於肺癌，占所有癌症死亡人數的近五分之一。醫師表示，肺癌初期毫無症...",Yahoo Entertainment,https://tw.news.yahoo.com/%E8%82%BA%E7%99%8C%E8%87%B4%E6%AD%BB%E7%8E%87%E7%AC%AC-%E8%82%BA%E7%99%8C%E6%AC%8A%E5%A8%81-%E7%A2%BA%E8%A8%BA%E5%BE%8C3%E8%87%B34%E6%9C%88%E6%98%AF-%E6%95%91%E5%91%BD-%E9%BB%83%E9%87%91%E6%9C%9F-200000207.html,139
1,腸病毒肆虐 北市62班停課、新北確診增加,2024-10-03,腸病毒正值流行期，北市國小、幼兒園上周有62班因腸病毒停課一周。新北市9月22至28日確診有2821例，相較上一周約25...,Yahoo Entertainment,https://consent.yahoo.com/v2/collectConsent?sessionId=1_cc-session_c8161e5b-4453-4a8a-bf8f-2c4a3902c854,135
1,診間擠滿一堆孩「都確診腸病毒」！ 醫示警「4大症狀」中鏢了：孩子無故食慾不佳注意,2024-10-07,開學了， 腸病毒又開始流行了，最近診間滿滿都是帶著腸病毒孩子來看診的爸媽，對此，輔大醫院耳鼻喉科主任胡皓淳醫師分享，腸病毒有哪些常見症狀，如果各位爸媽，不幸發現孩子出現這些狀況，請盡快就醫看診！ 1、發燒：發燒是腸病毒最常見的症狀之一，患者很輕易就有可能燒到38度，甚至39度。這種發燒通常是腸病毒感染早期的信號，尤其在兒童中更為明顯。 2、喉嚨痛和口腔潰瘍：腸病毒感染常常會引起喉嚨痛，並伴隨口腔內部出現小的潰瘍。這些潰瘍可能會讓患者，感到吃東西和喝水時的痛苦，特別是在吃酸性或辛辣食物時更為明顯。口腔潰瘍也可能擴散…,Yahoo Entertainment,https://consent.yahoo.com/v2/collectConsent?sessionId=1_cc-session_5043854f-7660-4d22-87e5-fcccd9264a20,136
1,跌破頭手腳麻木不能行 確診後縱韌帶骨化 手術+復健脫困,2024-10-01,台中一名體育老師月初在訓練學校田徑隊時，不小心從階梯上滑倒，整個人往 ...,Yahoo Entertainment,https://tw.news.yahoo.com/%E8%B7%8C%E7%A0%B4%E9%A0%AD%E6%89%8B%E8%85%B3%E9%BA%BB%E6%9C%A8%E4%B8%8D%E8%83%BD%E8%A1%8C-%E7%A2%BA%E8%A8%BA%E5%BE%8C%E7%B8%B1%E9%9F%8C%E5%B8%B6%E9%AA%A8%E5%8C%96-%E6%89%8B%E8%A1%93-%E5%BE%A9%E5%81%A5%E8%84%AB%E5%9B%B0-133417319.html,141
1,高雄男子確診類鼻疽！ 疾管署：高風險族群需嚴防重症,2024-10-15,【NOW健康 陳郁茹／台北報導】山陀兒颱風來襲後，國內新增1名本土類鼻疽病例！疾病管制署今（15）日表示，個案為高雄市60多歲男性，本身具慢性病史及汙水、汙泥暴露史，因發燒、呼吸困難、四肢無力等症狀就醫，目前住院治療中。 2001年來同期最高！今年本土類鼻疽累計96例 疾管署表示，今年國內已累計96例本土類鼻疽確定病例，其中累計17例死亡，為2001年以來同期最高！從96例本土病例中可觀察到，以65歲以上（55例）和50至64歲（31例）為主要年齡層，個案分布縣市以高雄市（72例）、台南市（10例）、台中市（4例…,Yahoo Entertainment,https://tw.news.yahoo.com/%E9%AB%98%E9%9B%84%E7%94%B7%E5%AD%90%E7%A2%BA%E8%A8%BA%E9%A1%9E%E9%BC%BB%E7%96%BD-%E7%96%BE%E7%AE%A1%E7%BD%B2-%E9%AB%98%E9%A2%A8%E9%9A%AA%E6%97%8F%E7%BE%A4%E9%9C%80%E5%9A%B4%E9%98%B2%E9%87%8D%E7%97%87-062322533.html,142
1,麻疹近半年首例境外移入！30歲男越南旅遊返台確診,2024-10-08,疾管署今天（8日）指出，一名30多歲男性9月中至越南富國島旅遊，返台後發燒出疹，確診為麻疹患者，是近半年來首例境外移入案例，已匡列154名接觸者；疾管署表示，即起提升越南麻疹的國際旅遊疫情建議為1級，提醒民眾注意；此外，兒童務必接種麻疹相關疫苗足夠劑次後再前往。,Yahoo Entertainment,https://consent.yahoo.com/v2/collectConsent?sessionId=1_cc-session_81d2f9c7-8e77-4711-9d35-967161c308ef,138
2,減重靠間歇性斷食半年恐失效，研究：睡眠定成敗,2024-10-21,擁有好身材，不僅是對美的嚮往，也是對健康的追求，以間歇性斷食通常能在短時間享受減重效果，但醫師提醒間歇性斷食的「魔力」多數在半年後失效，睡眠是長期體重控制的關鍵。 瑞士日內瓦大學醫院內分泌學助理教授柯里特（Tinh-Hai Collet）20日出席中華民國肥胖研究學會「建構全人永續的體重管理策略」年...,Technews.tw,https://technews.tw/2024/10/21/sleep-is-very-important/,150
3,大數據公司與正官庄共同發表2024後疫情免疫力大調查白皮書,2024-09-30,記者彭新茹／新竹報導 醫界專家與健康媒體提出要注意「免疫負債」的健康呼籲，提醒民眾在後疫情時代應該更加注重自身 […],Yahoo Entertainment,https://tw.news.yahoo.com/%E5%A4%A7%E6%95%B8%E6%93%9A%E5%85%AC%E5%8F%B8%E8%88%87%E6%AD%A3%E5%AE%98%E5%BA%84%E5%85%B1%E5%90%8C%E7%99%BC%E8%A1%A82024%E5%BE%8C%E7%96%AB%E6%83%85%E5%85%8D%E7%96%AB%E5%8A%9B%E5%A4%A7%E8%AA%BF%E6%9F%A5%E7%99%BD%E7%9A%AE%E6%9B%B8-101541844.html,153
3,平民版燕窩「白木耳」養顏、抗老、增強免疫力！和黑木耳差在哪？教你3步驟用電鍋煮好一碗養生飲,2024-10-24,白木耳（又稱銀耳或雪耳）自古以來就被視為「養顏聖品」、「素食/平民版燕窩」，是一種常見的食用菌。它不僅有助降血糖、促進腸道功能等功效外，也富含多種營養成分，對健康有多種潛在好處！ 營養師高敏敏曾在粉絲專頁上指出，白木耳用喝的就能攝取滿滿水溶性膳食纖維，還有豐富的維生素A、維生素C、維生素B群，可以養......詳...,Yahoo Entertainment,https://tw.news.yahoo.com/%E5%B9%B3%E6%B0%91%E7%89%88%E7%87%95%E7%AA%A9-%E7%99%BD%E6%9C%A8%E8%80%B3-%E9%A4%8A%E9%A1%8F-%E6%8A%97%E8%80%81-%E5%A2%9E%E5%BC%B7%E5%85%8D%E7%96%AB%E5%8A%9B-010000087.html,159
3,幼年患水痘 成年免疫力差冒皮蛇,2024-10-23,記者湯朝村∕嘉義市報導 58歲邱姓婦人後腰疼痛多天並伴隨灼燒感，診斷為帶狀皰疹感染；經抗毒藥物治療並休息安養後 […],Yahoo Entertainment,https://consent.yahoo.com/v2/collectConsent?sessionId=1_cc-session_b651a409-b1a6-4ffc-9ba1-456b539b03e7,152
3,換季提升免疫力的5個秘訣！多吃四種維生素超重要 避免流感 過敏戰勝天氣變化,2024-10-15,最近正值換季期間，除了流感肆虐之外許多人更會出現過敏情況，噴嚏鼻水來不停好困擾！這時候最重要的就是要提升身體的免疫力，才能避免病毒入侵，今天就要來公開想要提升免疫力可以多攝取的4種維生素，另外還需要維持腸道健康、避免壓力，讓身體更健康、病毒不找上門！,Yahoo Entertainment,https://tw.news.yahoo.com/%E6%8F%9B%E5%AD%A3%E6%8F%90%E5%8D%87%E5%85%8D%E7%96%AB%E5%8A%9B%E7%9A%845%E5%80%8B%E7%A7%98%E8%A8%A3%EF%BC%81%E5%A4%9A%E5%90%83%E5%9B%9B%E7%A8%AE%E7%B6%AD%E7%94%9F%E7%B4%A0%E8%B6%85%E9%87%8D%E8%A6%81-%E9%81%BF%E5%85%8D%E6%B5%81%E6%84%9F-%E9%81%8E%E6%95%8F%E6%88%B0%E5%8B%9D%E5%A4%A9%E6%B0%A3%E8%AE%8A%E5%8C%96-043902878.html,154
3,早睡好還是晚睡好?太早或太晚都影響免疫力，關鍵在這裡,2024-10-08,大家都以為只有睡眠不足會傷身，但最新研究發現，如果睡眠時間混亂不固定，傷害跟睡眠不足一樣糟，將使得免疫機能下降。 睡眠時間混亂，影響免疫功能刊登在《大腦、行為與免疫期刊》，由美國華盛頓大學進行的動物研究顯示，當把老鼠的睡眠時間弄得混亂，即使睡眠時間很充足，老鼠的睡眠品質會比較差，免疫系統也會受影響，導致容易生病。研究人員以光線明暗調控老鼠的生理週期，時間長達4週後，為老鼠注射一種會讓動物生病的細菌分子「脂多醣」。 研究結果顯示，當老鼠的睡眠時間混亂、造成生理時鐘受到干擾時，即使睡眠時間足夠，但老鼠常睡到一半就醒過…,Yahoo Entertainment,https://tw.news.yahoo.com/%E6%97%A9%E7%9D%A1%E5%A5%BD%E9%82%84%E6%98%AF%E6%99%9A%E7%9D%A1%E5%A5%BD-%E5%A4%AA%E6%97%A9%E6%88%96%E5%A4%AA%E6%99%9A%E9%83%BD%E5%BD%B1%E9%9F%BF%E5%85%8D%E7%96%AB%E5%8A%9B-%E9%97%9C%E9%8D%B5%E5%9C%A8%E9%80%99%E8%A3%A1-011210888.html,155
3,硬朗老翁感冒三天突咳血，就醫檢查「雙肺都白了」 醫籲「這樣做」提升免疫力,2024-10-17,【健康醫療網／記者張慈恩報導】一名70歲退休公務員，菸齡超過20年，有肺病病史，但平日飲食養生，退休後還養成定期到公園、登山步道運動習慣，身體算硬朗。前陣子因氣溫驟降，日夜溫差大讓他有點感冒症狀，原以為休息多喝水就好，沒想到三天後突然覺得喘不過氣來，咳嗽加劇還咳出血絲，家人嚇得立即送到醫院急診。檢查後發現其雙肺都白了，血氧濃度嚴重低下到出現急性呼吸窘迫症，病況危急，急送加護病房，幸好經胸腔科醫療團隊治療，一周後轉出加護病房，隔週病況穩定才出院。 呼吸道疾病好發於十月之後 這些人都是重症高危險族群 臺中醫院胸腔內科…,Yahoo Entertainment,https://tw.news.yahoo.com/%E7%A1%AC%E6%9C%97%E8%80%81%E7%BF%81%E6%84%9F%E5%86%92%E4%B8%89%E5%A4%A9%E7%AA%81%E5%92%B3%E8%A1%80-%E5%B0%B1%E9%86%AB%E6%AA%A2%E6%9F%A5-%E9%9B%99%E8%82%BA%E9%83%BD%E7%99%BD%E4%BA%86-%E9%86%AB%E7%B1%B2-%E9%80%99%E6%A8%A3%E5%81%9A-040000750.html,161
3,科學家嘗試為 T 細胞「充電」，增強其抗癌免疫力,2024-09-30,最近美國與德國科學家合作，開發一種於體外為 T 細胞提供額外線粒體而增強其抗癌免疫力的突破性技術。這些「開外掛」的 T 細胞猶如「滿血復活」，在癌症臨床前試驗（動物實驗）中表現出更強的抗癌活性而且鮮少有疲憊跡象。這表明該技術可能有助改進現有的免疫細胞療法，結果已於 9 月中旬發表在重量級生物科學期刊...,Technews.tw,https://technews.tw/2024/09/30/scientists-recharge-t-cells-to-boost-cancer-fighting-immunity/,151
3,證交所「5D反詐行動」首波主打「給你的錢，一首歌的時間」串聯各界 發聲 提倡識詐免疫力,2024-10-09,詐騙已成全民正視的社會問題，為提升全民識詐能力及阻斷詐騙訊息，證交所今（8）日在101 大樓舉辦「5D 反詐行動金牌特攻全民揪伙來」記者會。台北金融大樓公司賈永婕董事長、巴黎奧運金牌國手林郁婷、國手王齊麟、演藝圈藝人王彩樺、陳大天及職業運動台鋼啦啦隊成員以行動參與響應。,Yahoo Entertainment,https://consent.yahoo.com/v2/collectConsent?sessionId=1_cc-session_96cc90cf-1421-4a3e-ba7d-055353c3d39d,160
3,譚敦慈表妹化療期間吃一物戰勝卵巢癌 20年不復發！醫：營養免疫力是戰勝關鍵,2024-10-18,得癌症吃什麼比較好？不要吃紅肉、不能吃肉乾肉鬆？無毒教母譚敦慈在節目中透露，治癌期間最好的飲食建議是「吃得下」、補充足夠蛋白質！她以罹患卵巢癌的表妹為例，她在治癌期間一度什麼都吃不下，詢問譚敦慈：「可,Yahoo Entertainment,https://consent.yahoo.com/v2/collectConsent?sessionId=1_cc-session_7ed9e8e6-c587-4bb9-8515-18818e151d74,158
3,貓奴看過來！她得貓癬反覆好不了　熱心網友：提高自生免疫力,2024-10-05,可愛的貓咪人人都喜歡，許多人都有養貓咪，不過要注意毛小孩的健康，避免讓自己得到貓癬。有名網友在社群網站《Dcard》上發文，8月得到貓癬，看過2家皮膚科，貓咪已經完治，她卻快好了又復發，癢到受不了，詢問有推薦的藥膏嗎？此貼文曝光熱心網友紛紛留言。,Yahoo Entertainment,https://consent.yahoo.com/v2/collectConsent?sessionId=1_cc-session_d073c884-32b3-4239-a963-9af006b3d596,156
3,鮮蝦杏鮑菇排／杏鮑菇幫你免疫力大提升！補充優質蛋白與多醣體對抗疾病,2024-09-30,近來大雨不斷，在外面淋雨後回到冷氣房就容易感冒，若想避免感冒就要增強免疫力，主廚陳之穎推薦民眾製作「鮮蝦杏鮑菇排」，採用煎至金黃的杏鮑菇與鮮嫩多汁的蝦子，不僅口感豐富，更含有豐富的多醣體及優質蛋白質。,Yahoo Entertainment,https://consent.yahoo.com/v2/collectConsent?sessionId=1_cc-session_47a143ee-8592-4e97-a490-309b5f82db10,157
4,北海岸又傳災情！土石流沖進農田　小學營養午餐恐受影響,2024-10-07,社會中心／陳崇翰 新北報導間歇性的滂沱雨勢，北海岸又傳出災情！在新北市的金山地區，土石泥流沖進農田裡，包括推廣友善耕作的楊儒門，還有合作的農友，損失都相當慘重，大約有4甲地受損，光是後續清理，就得花許多時間，楊儒門擔心，明年產量可能受到影響，無法順利供給金山、萬里6所小學的營養午餐。,Yahoo Entertainment,https://consent.yahoo.com/v2/collectConsent?sessionId=1_cc-session_bc23dc25-fafb-4a42-b8fc-a223dc357307,168
4,可以透過天然食物來補充膠原蛋白嗎？跟著營養師這樣吃，重返年輕肌膚！,2024-10-04,"膠原蛋白是我們身體的重要支柱，對維持皮膚彈性、骨骼健康和關節靈活性至關重要。隨著年齡增長和生活習慣的變化，膠原蛋白的流失無法避免，但我們可以透過均衡飲食和適度補充來有效延緩衰老過程。本篇文章分享了如何選擇最佳的膠原蛋白來源，以及搭配維生素C等營養素的技巧，幫助保持青春活力和健康肌膚。

吃「膠原蛋白」真的有效嗎？跟著營養師這樣吃！|健康-KingNet國家網路醫藥
https://www.kingnet.com.tw/news/single?newId=48355",Thenewslens.com,https://www.thenewslens.com/article/242611,162
4,台東失智長者逐年增 馬偕營養師提供飲食參考,2024-10-17,（中央社記者盧太城台東縣18日電）台東年輕人外流，獨居老人多，失智症個案也逐年增加。台東馬偕醫院提供飲食參考，預防失智又健腦、護心。,Yahoo Entertainment,https://tw.news.yahoo.com/%E5%8F%B0%E6%9D%B1%E5%A4%B1%E6%99%BA%E9%95%B7%E8%80%85%E9%80%90%E5%B9%B4%E5%A2%9E-%E9%A6%AC%E5%81%95%E7%87%9F%E9%A4%8A%E5%B8%AB%E6%8F%90%E4%BE%9B%E9%A3%B2%E9%A3%9F%E5%8F%83%E8%80%83-064857793.html,166
4,桃園 營養午餐農藥殘留 較去年下降,2024-10-20,桃園市政府定期抽檢學校營養午餐蔬果農藥殘留，連續2年合格率皆為六都最低，今年目前已抽檢127件，其中有7件不合格，合格率約94.5％，對比去年已逐漸提升。桃園市農業局指出，因桃園市抽檢項目種類多樣，且不合格食材均來自外縣市，未來會提高在地食材的比例，另今年將自主增加200件的抽驗，加強學生食安保障。,Yahoo Entertainment,https://consent.yahoo.com/v2/collectConsent?sessionId=1_cc-session_0071d0fe-7241-437a-bc67-91b67498f82f,164
4,蛋價持續下滑 彰縣協調營養午餐增雞蛋料理,2024-10-17,（中央社記者吳哲豪彰化17日電）近日雞蛋產量過剩、價格持續下滑，彰縣府指出，將協調餐盒公會增加使用蛋類，營養午餐每週增加雞蛋料理，另從10月19日起，在彰化市、永靖鄉等地，辦品嘗蛋塔活動推廣雞蛋。,Yahoo Entertainment,https://tw.news.yahoo.com/%E8%9B%8B%E5%83%B9%E6%8C%81%E7%BA%8C%E4%B8%8B%E6%BB%91-%E5%BD%B0%E7%B8%A3%E5%8D%94%E8%AA%BF%E7%87%9F%E9%A4%8A%E5%8D%88%E9%A4%90%E5%A2%9E%E9%9B%9E%E8%9B%8B%E6%96%99%E7%90%86-085703611.html,167
4,《被玩壞的營養師ＡＩ》吃牛丼卻判定為綜合穀麥？超不準反而成了熱門惡搞玩具,2024-10-03,現代人越來越重視健康飲食，因此近年有越來越多的健康監測APP搭上AI風潮，推出能夠透過手機鏡頭分析食物熱量或是營養成分的功能，幫助人們計算每天吃下的食物均不均衡。然而日本最近有一款人氣健康監測APP推...,Gamme.com.tw,https://news.gamme.com.tw/1769596,163
4,韓國瑜又爆驚句！　「中華民國像營養不良小老頭、從小黑屋拉出來」,2024-09-30,今年國慶焰火移師雲林舉行，預計10月10日晚間8時施放。今（1）日宣傳記者會上，慶籌會主委、立法院長韓國瑜再爆「驚句」，談到焰火在雲林意義時，稱 中華民國如營養不良小老頭被關黑屋內多年、被忽視，他們今年將其從小黑屋「拉出來」,Yahoo Entertainment,https://consent.yahoo.com/v2/collectConsent?sessionId=1_cc-session_1f49ef0a-9521-4073-9e30-bde2a92fa586,170
4,颱風假營養午餐蔬菜滯銷 竹縣府助銷售 (圖),2024-10-03,新竹縣長楊文科（右7）4日視察新竹縣農會有機蔬菜平台蔬菜分裝情形，楊文科受訪時說，因颱風來襲，竹縣連2天放颱風假，導致原要供應給學生營養午餐蔬菜無法供出，透過縣府與新竹縣農會等各地農會尋出路，也在網路社群發出消息，已成功售完。,Yahoo Entertainment,https://tw.news.yahoo.com/%E9%A2%B1%E9%A2%A8%E5%81%87%E7%87%9F%E9%A4%8A%E5%8D%88%E9%A4%90%E8%94%AC%E8%8F%9C%E6%BB%AF%E9%8A%B7-%E7%AB%B9%E7%B8%A3%E5%BA%9C%E5%8A%A9%E9%8A%B7%E5%94%AE-%E5%9C%96-061355091.html,165
4,颱風假營養午餐蔬菜滯銷 竹縣府助銷獲搶購完售,2024-10-03,（中央社記者郭宣彣新竹縣4日電）受颱風山陀兒影響，新竹縣停班停課2天，造成縣內約有採收的4.5噸蔬菜無法供應營養午餐需另找銷路。縣府說，經各農會協助菜農銷售與網路團購，民眾搶購全數售出。,Yahoo Entertainment,https://consent.yahoo.com/v2/collectConsent?sessionId=1_cc-session_87afc83e-3e54-482f-b290-4057db215469,169
5,團結香港基金倡讓中醫參與慢性疾病共同治理先導計劃,2024-10-07,團結香港基金發表有關促進中醫系統發展的政策倡議報告，希望發揮中醫獨特優勢，深化中醫在醫療體系中的角色，助力香港發展全面的醫療服務。 報告指出，中醫近年獲得廣泛關注和認可，由2017年至2022年，中醫服務於長者醫療券計劃中的交易宗數，錄得超過9成的升幅。服務使用者亦反映，中醫在預防和健康管理方面擁有優勢，可配合政府發展基層醫療的政策方向，做到「一加一大於二」，共同建立以預防為重的醫療系統，從而應對人口老化帶來的挑戰。 報告提出15項建議，包括在中醫醫院的架構下，成立由學者和中醫師組成的中醫專家小組，定期制定並更新…,Yahoo Entertainment,https://hk.news.yahoo.com/%E5%9C%98%E7%B5%90%E9%A6%99%E6%B8%AF%E5%9F%BA%E9%87%91%E5%80%A1%E8%AE%93%E4%B8%AD%E9%86%AB%E5%8F%83%E8%88%87%E6%85%A2%E6%80%A7%E7%96%BE%E7%97%85%E5%85%B1%E5%90%8C%E6%B2%BB%E7%90%86%E5%85%88%E5%B0%8E%E8%A8%88%E5%8A%83-032945395.html,174
5,孕婦攝取過多油脂及熱量，所生後代日後罹患心血管疾病及糖尿病風險較高,2024-10-02,高油、高糖的飲食習慣，導致肥胖已是全球健康重要議題。對肥胖「孕婦」而言，不僅危害自己健康，也影響後代健康。南澳大學（University of South Australia）研究顯示，孕婦飲食含過量脂肪熱量，會損害胎兒心臟發育；肥胖孕婦生產後代，成年後可能更易罹患心臟病和糖尿病。論文刊登於《生理學...,Technews.tw,https://technews.tw/2024/10/02/babies-born-to-women-consuming-a-high-fat-sugary-diet-at-greater-risk-of-cardiovascular-disease-and-diabetes-in-later-life/,173
5,心臟病非男性「專利」，許多女性因被疏忽而「非必要」地死於心血管疾病,2024-10-10,世上有無數女性死於心臟病，部分原因是人們誤認心臟病是「男性專屬的疾病」。事實上，心血管疾病是女性「頭號殺手」。但在醫學日新月異的今日，許多女性心臟病患仍因未及早診斷，沒有被適當治療及在臨床試驗中的代表性不足，而「非必要地」死亡。 為此，英國心血管學會（British Cardiovascular S...,Technews.tw,https://technews.tw/2024/10/11/women-dying-unnecessarily-of-heart-disease/,172
5,新加坡建國總理李光耀女兒李瑋玲逝世，腦部疾病纏身多年享壽69歲,2024-10-09,新加坡建國總理李光耀女兒李瑋玲受腦部疾病纏身多年，今天上午在家中去世。據悉，她身前居住父親故居歐思禮路38號，這棟房子在李光耀去世後的處置導致新加坡第一家庭公開分裂，她和弟弟當時指控哥哥、時任總理李顯龍違背父親遺願，為了政治動機保留房子。,Thenewslens.com,https://www.thenewslens.com/article/242969,171
5,桃園女童遭強制猥褻　張善政：精神疾病不是違法的藉口,2024-10-28,桃園市1名國小女童昨（27日）遭陌生年輕男子被強拉強抱，女童驚嚇不斷尖叫，直到路過民眾出手相救才順利逃脫，此事在網路上發酵一天，桃園地檢署今日簽發拘票，由警方逮捕涉案男子並完成初步訊問，再移送地檢署。由於涉案男子領有身心障礙手冊，桃園市長張善政稍早在臉書重申「精神疾病不是違法的藉口」。,Yahoo Entertainment,https://tw.news.yahoo.com/%E6%A1%83%E5%9C%92%E5%A5%B3%E7%AB%A5%E9%81%AD%E5%BC%B7%E5%88%B6%E7%8C%A5%E8%A4%BB-%E5%BC%B5%E5%96%84%E6%94%BF-%E7%B2%BE%E7%A5%9E%E7%96%BE%E7%97%85%E4%B8%8D%E6%98%AF%E9%81%95%E6%B3%95%E7%9A%84%E8%97%89%E5%8F%A3-080005634.html,179
5,桃園女童遭男強擄案　張善政：精神疾病不是違法藉口,2024-10-27,桃園市龜山區昨天發生女童被強擄事件，桃園市長張善政今（28）日表示，據悉加害人精神有問題，衛生局和社會局將會了解病例，評估是否需要加強醫療，也會請社會局介入關心小女孩需不需要心理輔導，現在案件檢察官偵辦中，進度只能有限度透露，市府團隊會全力關切，並稱，「我們認為精神疾病不應是違法的藉口」。,Yahoo Entertainment,https://tw.news.yahoo.com/%E6%A1%83%E5%9C%92%E5%A5%B3%E7%AB%A5%E9%81%AD%E7%94%B7%E5%BC%B7%E6%93%84%E6%A1%88-%E5%BC%B5%E5%96%84%E6%94%BF-%E7%B2%BE%E7%A5%9E%E7%96%BE%E7%97%85%E4%B8%8D%E6%98%AF%E9%81%95%E6%B3%95%E8%97%89%E5%8F%A3-070718985.html,180
5,民建聯倡議將「慢性疾病共同治理先導計劃」擴展至兒科,2024-10-07,民建聯提出《促進香港兒童醫療服務發展》倡議書，建議將 「慢性疾病共同治理先導計劃」擴展至兒科，將符合「在職家庭津貼計劃」和「學校書簿津貼計劃」受惠家庭的18歲以下兒童，納入醫療費用減免範圍。 民建聯表示，根據醫管局資料顯示，專科門診穩定新症輪候時間最長的地區是九龍西，眼科約需要三年多才能見到醫生；兒科方面，九龍東新症輪候期最長，穩定新症最長需要輪候51星期。 民建聯認為，可以參考「長者預約專籌」做法，在醫管局普通科門診設立「兒童預約專籌」，增設「兒童醫療券」，每年向每個兒童醫療券戶口注資2000元，以全港約100…,Yahoo Entertainment,https://hk.news.yahoo.com/%E6%B0%91%E5%BB%BA%E8%81%AF%E5%80%A1%E8%AD%B0%E5%B0%87-%E6%85%A2%E6%80%A7%E7%96%BE%E7%97%85%E5%85%B1%E5%90%8C%E6%B2%BB%E7%90%86%E5%85%88%E5%B0%8E%E8%A8%88%E5%8A%83-%E6%93%B4%E5%B1%95%E8%87%B3%E5%85%92%E7%A7%91-083037945.html,175
5,研究發現缺維生素D 心血管疾病風險增 (圖),2024-10-11,中正大學運動競技學系教授何承訓（後）研究團隊最新研究顯示，缺乏維生素D者在運動後血管彈性和血壓調節能力明顯較差，這可能是心血管疾病的早期預警信號。,Yahoo Entertainment,https://tw.news.yahoo.com/%E7%A0%94%E7%A9%B6%E7%99%BC%E7%8F%BE%E7%BC%BA%E7%B6%AD%E7%94%9F%E7%B4%A0d-%E5%BF%83%E8%A1%80%E7%AE%A1%E7%96%BE%E7%97%85%E9%A2%A8%E9%9A%AA%E5%A2%9E-%E5%9C%96-090503467.html,178
5,罕病兄弟檔出席罕見疾病基金會文創成果展（1） (圖),2024-10-05,罹患罕病脊髓性肌肉萎縮症（SMA）的兄弟檔今年暑假參加罕見疾病基金會中區心靈繪畫班，體驗藝術的樂趣，兄弟檔5日在家長陪同下，出席罕見疾病基金會年度文創成果展。,Yahoo Entertainment,https://tw.news.yahoo.com/%E7%BD%95%E7%97%85%E5%85%84%E5%BC%9F%E6%AA%94%E5%87%BA%E5%B8%AD%E7%BD%95%E8%A6%8B%E7%96%BE%E7%97%85%E5%9F%BA%E9%87%91%E6%9C%83%E6%96%87%E5%89%B5%E6%88%90%E6%9E%9C%E5%B1%95-1-%E5%9C%96-080233479.html,176
5,蔣萬安出席罕見疾病基金會文創成果展 (圖),2024-10-04,台北市長蔣萬安（前左）5日上午出席「遇見心中的自己－2024罕見疾病基金會文創成果展」，與病友握手致意。,Yahoo Entertainment,https://tw.news.yahoo.com/%E8%94%A3%E8%90%AC%E5%AE%89%E5%87%BA%E5%B8%AD%E7%BD%95%E8%A6%8B%E7%96%BE%E7%97%85%E5%9F%BA%E9%87%91%E6%9C%83%E6%96%87%E5%89%B5%E6%88%90%E6%9E%9C%E5%B1%95-%E5%9C%96-042008259.html,177
5,身障者熊抱猥褻女童 張善政：精神疾病不應是違法的藉口,2024-10-27,桃園市龜山區27日早上發生身障男子強行熊抱國小女童事件，女童撕心裂肺喊「救命」畫面令人揪心，母嘆法律都只保護身障者。市長張善政對此表示，精神疾病不應是違法的藉口，強調市民的安全不容侵犯，已請相關單位向檢察官說明，面對這種侵害當事人自由、造成社會恐慌的行為，一定要依法嚴懲，市府也會強化預防，確保大家有安心的居住環境。,Yahoo Entertainment,https://consent.yahoo.com/v2/collectConsent?sessionId=1_cc-session_b848110f-fd97-4ee4-a945-49ac092337af,181
6,Windows应急响应-Auto病毒 - 竹等寒,2024-10-05,目录应急背景分析样本开启监控感染病毒查看监控分析病毒行为autorun.inf分析2.异常连接3.进程排查4.启动项排查查杀1.先删掉autorun.inf文件2.使用xuetr杀掉进程3.启动项删除重启排查入侵排查正常流程 应急背景 运维人员准备通过windows共享文档方式为公司员工下发软件安装,Cnblogs.com,https://www.cnblogs.com/dhan/p/18448168,189
6,Windows应急响应-QQ巨盗病毒 - 竹等寒,2024-10-06,目录病毒背景样本分析开启监控感染病毒分析病毒行为C盘文件监控D盘文件监控进程监控排查服务排查启动项排查查杀1.杀掉进程2.异常服务3.映像劫持处理4.hosts文件处理5.D盘文件删除6.其他异常排查重启排查 病毒背景 简介：Win32.PSWTroj.QQPass，名为：【QQ伪装盗号者】是一种Q,Cnblogs.com,https://www.cnblogs.com/dhan/p/18449489,188
6,世卫组织：卢旺达两名马尔堡病毒病患者成功脱离呼吸机,2024-10-20,"世卫组织总干事谭德塞20日表示，卢旺达两名马尔堡病毒病患者经过十多天的护理后成功脱离呼吸机，这是一个“突破”，将改善非洲丝状病毒的临床治疗状况。

2024年10月19日，世界卫生组织总干事谭德塞访问了位于卢旺达首都基加利的马尔堡防控指挥所。谭德塞此次访问强调了世卫组织与卢旺达在抗击传染病、特别是卢旺达爆发的马尔堡病毒疫情方面的合作，承诺世卫组织将继续向卢旺达提供支持。卢旺达卫生部9月27日宣布该国暴发马尔堡病毒疫情。该卫生部的数据显示，截至10月15日，卢旺达确认62例马尔堡病毒病病例，其中15名患者死亡，3…",Cnbeta.com.tw,https://www.cnbeta.com.tw/articles/tech/1449875.htm,191
6,哈佛醫學院發現，病毒以類似逃脫策略規避宿主免疫防衛機制,2024-10-24,新冠、愛滋、流感等病毒都可能致命，令人聞之色變，其實病毒除了影響人類，也能感染植物、黴菌甚至細菌。為了降低病毒「危害」，演化時動物和細菌都有相似病毒「偵測及警報」系統，觸發防禦機制以限制病毒複製擴散。最近哈佛醫學院發現，無論感染動物或細菌病毒，都會以類似策略逃避宿主偵測。 動物細胞有 cGAS-ST...,Technews.tw,https://technews.tw/2024/10/25/animal-and-bacterial-viruses-share-conserved-mechanisms-of-immune-evasion/,184
6,屯門醫院一名11個月大男嬰感染鼻病毒或腸病毒,2024-10-26,屯門醫院兒童及青少年科一個病房，再有一名11個月大男嬰感染鼻病毒或腸病毒，現正接受隔離治療，情況穩定。 院方說，這名男童自本月24日起出現呼吸道感染徵狀，院方為其進行測試，結果對鼻病毒或腸病毒呈陽性反應。,Yahoo Entertainment,https://consent.yahoo.com/v2/collectConsent?sessionId=1_cc-session_b41ae939-7b95-41cd-b651-2a1691a62164,186
6,屯門醫院六名病童感染鼻或腸病毒　一人情況嚴重其餘五人穩定,2024-10-25,屯門醫院一個兒童及青少年科病房出現鼻病毒或腸病毒群組，6名病童出現發燒或呼吸道感染徵狀，正接受隔離治療。 6人年齡由7個月至5歲，其中一人因自身疾病情況嚴重，其餘5人情況穩定。 院方已根據既定指引加強感染控制措施，有關個案已呈報醫管局及衞生防護中心跟進。,Yahoo Entertainment,https://consent.yahoo.com/v2/collectConsent?sessionId=1_cc-session_3ed6e11a-27f6-4a41-892a-974d03b88282,187
6,找到了！北市登革熱源頭在菜園　疾管署：病毒定序與新北群聚一致,2024-10-04,[周刊王CTWANT] 北市衛生局說明，3日公布北市今年首例本土登革熱感染者為1名文山區70多歲男性，經調查感染者9月底陸續出現發燒、肌肉痠痛及噁心等徵兆，經就醫採檢後，確診為登革熱，據悉，他於潛伏期無出國，且無在登革熱熱區的新北市中和區及新店區活動，同住者也無症狀，本單位為了釐清感...,Yahoo Entertainment,https://tw.news.yahoo.com/%E6%89%BE%E5%88%B0%E4%BA%86-%E5%8C%97%E5%B8%82%E7%99%BB%E9%9D%A9%E7%86%B1%E6%BA%90%E9%A0%AD%E5%9C%A8%E8%8F%9C%E5%9C%92-%E7%96%BE%E7%AE%A1%E7%BD%B2-%E7%97%85%E6%AF%92%E5%AE%9A%E5%BA%8F%E8%88%87%E6%96%B0%E5%8C%97%E7%BE%A4%E8%81%9A-%E8%87%B4-074236855.html,190
6,日本首例！25岁男子利用AI生成计算机病毒被判刑,2024-10-28,"据日本《读卖新闻》27日报道，一名25岁的日本男子近日因利用人工智能（AI）制造计算机病毒而被定罪，并被判处有期徒刑3年，缓刑4年。这可能是日本首例因滥用生成式AI而在刑事案件中被判刑的案例。
被告以前从事过SIM卡诈骗等“暗黑兼职”，在寻找更轻松的赚钱途径时，他结合自己对生成AI的兴趣，萌生了制作计算机病毒进行勒索的想法。根据判决资料显示，被告于去年3月，在家中使用电脑和智能手机，根据通过AI获得的不法程序源代码，制作了类似于勒索软件的计算机病毒。他想利用生成AI编写的计算机病毒源代码，通过加密特定文件并使其…",Cnbeta.com.tw,https://www.cnbeta.com.tw/articles/tech/1450712.htm,192
6,模仿免疫系統，類肽分子成抗病毒新希望,2024-10-02,科學家們在抗病毒藥物研發上取得重大突破，一支由紐約大學化學系教授 Kent Kirshenbaum 領導的研究團隊，開發出一種創新的抗病毒策略。這項研究成果已發表於《ACS 傳染病》期刊。 傳統的抗病毒藥物主要針對病毒表面的蛋白質，但病毒能快速突變產生抗藥性，使治療效果大打折扣。新冠病毒（SARS-...,Technews.tw,https://technews.tw/2024/10/02/breaking-viral-defenses-with-next-gen-peptoids/,183
6,科学家发现新型新冠病毒抑制剂,2024-10-09,新冠仍在造成高死亡率与发病率,Jandan.net,http://jandan.net/p/118027,182
6,葵涌醫院智障科病房3名女病人感染鼻病毒或腸病毒,2024-10-09,葵涌醫院一個智障科病房自上星期三起，先後有3名33歲至64歲的女病人出現發燒或呼吸道感染徵狀，測試結果均對鼻病毒/腸病毒呈陽性反應，她們現正接受隔離治療，情況穩定。 院方已加強感染控制措施，並會繼續密切監察病房的情況，有關個案已呈報醫管局及衞生防護中心跟進。,Yahoo Entertainment,https://hk.news.yahoo.com/%E8%91%B5%E6%B6%8C%E9%86%AB%E9%99%A2%E6%99%BA%E9%9A%9C%E7%A7%91%E7%97%85%E6%88%BF3%E5%90%8D%E5%A5%B3%E7%97%85%E4%BA%BA%E6%84%9F%E6%9F%93%E9%BC%BB%E7%97%85%E6%AF%92%E6%88%96%E8%85%B8%E7%97%85%E6%AF%92-094006913.html,185
7,「一條皮尺」知道罹癌風險！男生腰圍逾90公分　慢性病易上身,2024-10-28,近半世紀以來，肥胖已成為全球性的健康危機。根據國民健康署最新統計，目前台灣成人約有一半屬於過重或肥胖，兒童則約有三成面臨同樣問題。,Yahoo Entertainment,https://consent.yahoo.com/v2/collectConsent?sessionId=1_cc-session_f617893b-6554-4198-b64c-558ade035e4c,198
7,哈佛認證！「吃1類食物」不只延壽　減少患慢性病風險,2024-10-17,吃對蛋白質有助於長壽！胸腔暨重症醫學科醫師黃軒引用哈佛大學研究指出，每增加3%植物性蛋白質攝取量，延緩老化機率增加46%，植物蛋白質有助於降低「低密度脂蛋白膽固醇、血壓和胰島素敏感性」，除了延緩老化，還能減少罹患慢性疾病、認知能力等風險。,Yahoo Entertainment,https://consent.yahoo.com/v2/collectConsent?sessionId=1_cc-session_813d8dec-1cdf-4cb7-82a1-b93b1fc55ed2,200
7,我太胖了嗎？醫授1招快速自我診斷    遠離多重慢性病威脅,2024-10-15,【健康醫療網／記者張慈恩報導】近半世紀以來，肥胖已成為全球性的健康危機。根據國民健康署最新統計，目前台灣成人約有一半屬於過重或肥胖，兒童則約有三成面臨同樣問題。 腰圍測量簡單 便捷評估肥胖 面對這個趨勢，醫學界提出了一個簡單有效的評估方法—腰圍測量。這種方法不僅操作簡便，更與多種肥胖相關疾病的發生率高度相關，比其他評估工具更為精準。中山附醫謝尚恩醫師說明測量方法簡單，只需一條皮尺即可在家中完成。 首先找出前上腸骨脊與肋骨最下緣的中點，身體自然站直，雙手垂放。在呼氣結束時，於測量位置水平繞一圈，輕輕拉緊皮尺，使其平…,Yahoo Entertainment,https://consent.yahoo.com/v2/collectConsent?sessionId=1_cc-session_95988bb3-e5b6-4eb2-995b-d8dee2de043f,196
7,更年期婦女多吃這1種蛋白質，降低罹患慢性病風險，還可延緩老化,2024-10-04,女性必經的更年期，也是人體老化過程的一個階段，透過三餐飲食來調養，不但可以順利度過這個階段，還可以變美麗。 1、五穀雜糧為主食，可安神、穩定情緒五穀雜糧含有豐富的礦物質如鈣、鐵、鋅等，都是更年期婦女所需營養成分。或於主食中加入紅豆、蓮子、木耳或是中藥材的酸棗仁等食材，可以穩定情緒，並提升睡眠品質。2、多吃優質蛋白質，減少得心血管疾病風險因為少了雌激素的保護，更年期婦女要注意心血管方面的疾病，少吃豬牛羊等高飽和脂肪肉品，多選擇優質蛋白質且低脂肪例如魚肉、黃豆與雞蛋。3、補足大豆異黃酮，調節體內雌激素作用大豆異黃酮是…,Yahoo Entertainment,https://consent.yahoo.com/v2/collectConsent?sessionId=1_cc-session_aa56b5bd-c2e3-42b6-a2c8-fa43a592045c,199
7,本土類鼻疽增3例再添1死 高雄6旬慢性病男就醫當天亡,2024-10-28,疾管署今天在例行疫報說明，國內上周新增3例山陀兒颱風後本土類鼻疽病例、其中1例死亡，3例均位於高雄市，年齡介於40餘歲至70餘歲，3例均具糖尿病或慢性腎病等慢性病史，發病日介於10月11至22日。1例死亡為60多歲高雄男性，有心血管、慢性腎病等病史，就醫當天死亡，研判感染原因可能是吸入性感染，提醒慢性病患颱風期間盡量待在家且關妥門窗。,Yahoo Entertainment,https://consent.yahoo.com/v2/collectConsent?sessionId=1_cc-session_806746bc-6808-46fe-b2ec-5d99a25da34f,194
7,減肥是為了國家經濟！英國研究減肥藥改善慢性病影響生產力效果,2024-10-28,現代先進國家大多有嚴重的國民肥胖問題，但是許多人減肥往往扭扭捏捏，使用減肥藥物好像是在用禁藥，但以後減肥，甚至使用減肥藥，可能可以理直氣壯了，因為英國正在研究，減肥是否可以改善生產力，若是，以後減肥就是為了「國計民生」。 原本為糖尿病用藥的腸泌素類升糖素胜肽一型（GLP-1）受體促效劑，目前在歐美減...,Technews.tw,https://technews.tw/2024/10/28/britain-to-study-use-of-lillys-weight-loss-drug-to-get-people-back-to-work/,193
7,韓國女星驚傳病逝！不敵慢性病享年37歲　曾出演大熱韓劇《錢的戰爭》,2024-10-25,韓國電視劇《錢的戰爭》曾經在韓國紅極一時，2007年播出時最後一集收視率更是創下超過36%的驚人紀錄。今日，其中飾演女配角「Miss趙」的女星金秉善（김병선）驚傳過世，經首爾峨山醫院殯儀館網站消息證實於24日病逝，享年37歲。,Yahoo Entertainment,https://tw.news.yahoo.com/%E9%9F%93%E5%9C%8B%E5%A5%B3%E6%98%9F%E9%A9%9A%E5%82%B3%E7%97%85%E9%80%9D-%E4%B8%8D%E6%95%B5%E6%85%A2%E6%80%A7%E7%97%85%E4%BA%AB%E5%B9%B437%E6%AD%B2-%E6%9B%BE%E5%87%BA%E6%BC%94%E5%A4%A7%E7%86%B1%E9%9F%93%E5%8A%87-%E9%8C%A2%E7%9A%84%E6%88%B0%E7%88%AD-150713666.html,195
7,颱風山陀兒來襲 羅一鈞提醒慢性病患嚴防類鼻疽,2024-10-01,（中央社記者曾以寧台北1日電）衛福部疾管署發言人羅一鈞今天表示，今年凱米風災後造成80例類鼻疽確診，其中13例死亡。颱風山陀兒來襲，提醒慢性病患等高風險者，颱風期間盡量關閉門窗、外出戴口罩。,Yahoo Entertainment,https://consent.yahoo.com/v2/collectConsent?sessionId=1_cc-session_19654dbd-ceab-4d5e-b772-3fc2d5a3a74f,197
8,國健署推動營養及健康飲食 台鐵便當率先響應 全臺健康餐飲動起來,2024-10-22,為落實《營養及健康飲食促進法》，國民健康署攜手國營臺灣鐵路股份有限公司推出「茶香燻雞便當」，透過增加蔬菜和全穀的攝取，減少油炸及高鈉食材， 提供健康均衡選擇，幫助國人遠離慢性疾病。,Yahoo Entertainment,https://tw.news.yahoo.com/%E5%9C%8B%E5%81%A5%E7%BD%B2%E6%8E%A8%E5%8B%95%E7%87%9F%E9%A4%8A%E5%8F%8A%E5%81%A5%E5%BA%B7%E9%A3%B2%E9%A3%9F-%E5%8F%B0%E9%90%B5%E4%BE%BF%E7%95%B6%E7%8E%87%E5%85%88%E9%9F%BF%E6%87%89-%E5%85%A8%E8%87%BA%E5%81%A5%E5%BA%B7%E9%A4%90%E9%A3%B2%E5%8B%95%E8%B5%B7%E4%BE%86-113945141.html,206
8,推健康飲食觀念 劇團赴澎湖校園演出（1） (圖),2024-10-15,為推動學童的正確飲食概念，澎湖縣政府與台中康善基金會合作辦理兒童劇「便當超人之蜜糖魔女」，16日在澎湖校園演出，期盼健康飲食能落實於生活中。,Yahoo Entertainment,https://consent.yahoo.com/v2/collectConsent?sessionId=1_cc-session_7eb4e06d-d034-494f-b109-0fbe5141a05b,201
8,推健康飲食觀念 劇團赴澎湖校園演出（2） (圖),2024-10-15,澎湖縣政府與台中康善基金會合作辦理兒童劇「便當超人之蜜糖魔女」，16日在澎湖校園演出，以「均衡飲食」、「病從口入」、「減糖大作戰」3個不同主題，為學童建立健康飲食概念，減少「糖」攝取。,Yahoo Entertainment,https://tw.news.yahoo.com/%E6%8E%A8%E5%81%A5%E5%BA%B7%E9%A3%B2%E9%A3%9F%E8%A7%80%E5%BF%B5-%E5%8A%87%E5%9C%98%E8%B5%B4%E6%BE%8E%E6%B9%96%E6%A0%A1%E5%9C%92%E6%BC%94%E5%87%BA-2-%E5%9C%96-063506545.html,203
8,推健康飲食觀念 劇團赴澎湖校園演出（3） (圖),2024-10-15,澎湖縣政府與台中康善基金會合作辦理兒童劇「便當超人之蜜糖魔女」，16日在澎湖校園演出，盼為學童建立健康飲食概念。,Yahoo Entertainment,https://tw.news.yahoo.com/%E6%8E%A8%E5%81%A5%E5%BA%B7%E9%A3%B2%E9%A3%9F%E8%A7%80%E5%BF%B5-%E5%8A%87%E5%9C%98%E8%B5%B4%E6%BE%8E%E6%B9%96%E6%A0%A1%E5%9C%92%E6%BC%94%E5%87%BA-3-%E5%9C%96-063608626.html,204
8,減糖大作戰 兒童劇澎湖巡演推健康飲食,2024-10-15,（中央社澎湖縣16日電）澎湖縣政府與台中康善基金會合作推動學童的正確飲食概念，兒童劇「便當超人之蜜糖魔女」今天跨海至中正國小等校巡演，期盼健康飲食能落實於生活中。,Yahoo Entertainment,https://tw.news.yahoo.com/%E6%B8%9B%E7%B3%96%E5%A4%A7%E4%BD%9C%E6%88%B0-%E5%85%92%E7%AB%A5%E5%8A%87%E6%BE%8E%E6%B9%96%E5%B7%A1%E6%BC%94%E6%8E%A8%E5%81%A5%E5%BA%B7%E9%A3%B2%E9%A3%9F-062311668.html,202
8,食農幸福COOKSHOW 推廣健康飲食,2024-10-08,記者黃文記∕新化報導 新化區農會八日在大目降好農市旁的農業推廣教室舉辦「食農幸福COOKSHOW」活動，由輕食 […],Yahoo Entertainment,https://tw.news.yahoo.com/%E9%A3%9F%E8%BE%B2%E5%B9%B8%E7%A6%8Fcookshow-%E6%8E%A8%E5%BB%A3%E5%81%A5%E5%BA%B7%E9%A3%B2%E9%A3%9F-131754384.html,205
9,42歲乳癌患者吃「白蘿蔔」19年沒再復發　醫證實：可抑制多種癌症,2024-10-01,一名42歲罹患位三陰性乳癌第3期的患者，在接受治療後，每天食用白蘿蔔等十字花科蔬菜，至今19年未見癌症復發。醫師說明，白蘿蔔對多種腫瘤如肺癌、胃癌、結腸癌、膀胱癌和前列腺腫瘤有抑制作用。,Yahoo Entertainment,https://tw.news.yahoo.com/42%E6%AD%B2%E4%B9%B3%E7%99%8C%E6%82%A3%E8%80%85%E5%90%83-%E7%99%BD%E8%98%BF%E8%94%94-19%E5%B9%B4%E6%B2%92%E5%86%8D%E5%BE%A9%E7%99%BC-%E9%86%AB%E8%AD%89%E5%AF%A6-%E5%8F%AF%E6%8A%91%E5%88%B6%E5%A4%9A%E7%A8%AE%E7%99%8C%E7%97%87-041911597.html,220
9,中大醫學院引入AI內鏡系統協助識別胃部癌症,2024-10-20,中大醫學院引入AI輔助上消化道內鏡系統進行臨床研究，協助於照內鏡時，識別胃部癌症，鎖定病變位置及癌變範圍，作為臨床檢測的參考。 中大醫學院院長趙偉仁說，系統有助提升早期胃癌的檢測率，減少漏診的機會，早期確診更有機會用內鏡除治療，毋須大型手術切除胃部。,Yahoo Entertainment,https://hk.news.yahoo.com/%E4%B8%AD%E5%A4%A7%E9%86%AB%E5%AD%B8%E9%99%A2%E5%BC%95%E5%85%A5ai%E5%85%A7%E9%8F%A1%E7%B3%BB%E7%B5%B1%E5%8D%94%E5%8A%A9%E8%AD%98%E5%88%A5%E8%83%83%E9%83%A8%E7%99%8C%E7%97%87-041731447.html,210
9,保存年輕型癌症患者生育力 醫籲醫療性凍卵補助盡快上路,2024-10-05,【警政時報 鄭元毓/綜合報導】 每年10月為國際乳癌關懷月，隨著癌症病友年輕化的趨勢，像是乳癌、子宮內膜癌、卵 […],Yahoo Entertainment,https://tw.news.yahoo.com/%E4%BF%9D%E5%AD%98%E5%B9%B4%E8%BC%95%E5%9E%8B%E7%99%8C%E7%97%87%E6%82%A3%E8%80%85%E7%94%9F%E8%82%B2%E5%8A%9B-%E9%86%AB%E7%B1%B2%E9%86%AB%E7%99%82%E6%80%A7%E5%87%8D%E5%8D%B5%E8%A3%9C%E5%8A%A9%E7%9B%A1%E5%BF%AB%E4%B8%8A%E8%B7%AF-093957875.html,216
9,哈佛研發新 AI 工具 CHIEF，提升癌症診斷與預後評估,2024-10-18,哈佛醫學院團隊最近開發出革命性人工智慧工具，名為 CHIEF（Clinical Histopathology Imaging Evaluation Foundation），是類似 ChatGPT 的 AI 模型，有望對癌症診斷和評估有重大突破。 CHIEF特點是多功能性和通用性，與目前僅用特定任務或...,Technews.tw,https://technews.tw/2024/10/18/a-new-artificial-intelligence-tool-for-cancer/,208
9,奔向健康、遠離癌症！為癌而跑公益路跑活動今日火熱開跑,2024-10-18,（記者陳志仁／新北報導）運動是維持健康的不二法門，更是遠離癌症威脅的重要利器！為建立民眾對運動及定期癌症篩檢的 […],Yahoo Entertainment,https://tw.news.yahoo.com/%E5%A5%94%E5%90%91%E5%81%A5%E5%BA%B7-%E9%81%A0%E9%9B%A2%E7%99%8C%E7%97%87-%E7%82%BA%E7%99%8C%E8%80%8C%E8%B7%91%E5%85%AC%E7%9B%8A%E8%B7%AF%E8%B7%91%E6%B4%BB%E5%8B%95%E4%BB%8A%E6%97%A5%E7%81%AB%E7%86%B1%E9%96%8B%E8%B7%91-051435405.html,217
9,常見感冒1症狀！竟罹「癌症4期」　1年後死了,2024-10-19,以為小感冒，結果癌症末期了！一名男子突然聲音沙啞，原本以為是感冒輕微症狀，結果病況越來越嚴重，到醫院檢查竟確診喉癌4期，發病才1年猝逝。對此，成大醫院醫師鄭詠仁曾提醒，出現5症狀快就醫。,Yahoo Entertainment,https://tw.news.yahoo.com/%E5%B8%B8%E8%A6%8B%E6%84%9F%E5%86%921%E7%97%87%E7%8B%80-%E7%AB%9F%E7%BD%B9-%E7%99%8C%E7%97%874%E6%9C%9F-1%E5%B9%B4%E5%BE%8C%E6%AD%BB%E4%BA%86-073358130.html,218
9,為癌而跑公益路跑 奔向健康遠離癌症,2024-10-18,運動是維持健康不二法門，更是遠離癌症威脅重要利器，為建立民眾對運動及 ...,Yahoo Entertainment,https://tw.news.yahoo.com/%E7%82%BA%E7%99%8C%E8%80%8C%E8%B7%91%E5%85%AC%E7%9B%8A%E8%B7%AF%E8%B7%91-%E5%A5%94%E5%90%91%E5%81%A5%E5%BA%B7%E9%81%A0%E9%9B%A2%E7%99%8C%E7%97%87-073750116.html,215
9,癌症到来之前 手脚4个变化拉警报(图),2024-10-07,一般来说，手脚部位释放出来的危险信号是最容易被人们看到的，假如身体患癌，手脚上的这4个异常信号，务必高度警惕。,Secretchina.com,https://www.secretchina.com/news/gb/2024/10/08/1069672.html,211
9,癌症放射治療大躍進！三總引進「1.5T 高階磁振刀」降低副作用,2024-10-08,三軍總醫院今日宣布引進全台第一台「1.5T 高階磁振刀」，有別於過去所有影像導航放射治療（IGRT）都是搭配電腦斷層掃描（CT），帶有額外的輻射，1.5T 磁振刀是搭載診斷級別的磁振造影技術（MRI），沒有輻射，能在治療前精準影像對位，更能在治療中全程即時監控腫瘤。 三軍總醫院院長洪乙仁表示，「1....,Technews.tw,https://technews.tw/2024/10/08/high-end-magnetic-vibration-knife/,209
9,突破癌症治療瓶頸！中醫大附醫研發奈米三特異性抗體抗癌藥物,2024-09-30,癌症治療重大突破！中國醫藥大學附設醫院院長周德陽研究團隊今日宣布攜手聖安生醫，共同開發創新奈米三特異性 T 細胞銜接抗體「Nb-TriTE」抗癌藥物 (SOA101)，成功完成臨床前研究，針對肺癌、乳癌等多種實體癌症治療，近期將提出美國 FDA 人體臨床試驗申請。 周德陽表示，免疫治療及藥物開發日新...,Technews.tw,https://technews.tw/2024/09/30/nb-trite/,207
9,肺癌患者常見2大問題　疼痛、癌症惡病質如何改善？專家來解答！,2024-10-15,【健康醫療網／記者吳儀文報導】當癌症治療到達一定程度，且積極治療已經不符合其現況時，就會建議病患進入「緩和療護」階段，這時常見的困擾往往是癌症惡病質、疼痛等2大問題，該如何減輕患者的痛苦並獲得更好的生活品質呢？土城醫院血液腫瘤科主任吳教恩、新光醫院胸腔內科醫師葉育雯 一一解答！ 什麼是「癌症惡病質」？ 如何診斷？會有哪些影響？ 「緩和療護」主要是希望能幫助患者減少痛苦並更輕鬆地走完最後一段時間，但葉育雯醫師強調，這並不代表完全不再進行治療，臨床上依然會針對患者的狀況提供相對應的處置。 以癌症患者來說，「癌症惡病質…,Yahoo Entertainment,https://consent.yahoo.com/v2/collectConsent?sessionId=1_cc-session_feda0f08-af36-4816-859e-87254b3bff82,219
9,舌頭冒白斑！別以為只是髒　醫曝口腔4警訊是「癌症前兆」,2024-10-17,癌症發生前其實有徵兆，從口腔能看出端倪。胸腔暨重症醫學科醫師黃軒提到，口腔出現4警訊可能和癌症有關，包括「持續性潰瘍、口臭、出現囊腫、狂冒白斑或紅班」，絕不要輕忽口腔內的異常變化，可能是發現癌症的第一道防線，出現狀況應及早就醫。,Yahoo Entertainment,https://tw.news.yahoo.com/%E8%88%8C%E9%A0%AD%E5%86%92%E7%99%BD%E6%96%91-%E5%88%A5%E4%BB%A5%E7%82%BA%E5%8F%AA%E6%98%AF%E9%AB%92-%E9%86%AB%E6%9B%9D%E5%8F%A3%E8%85%944%E8%AD%A6%E8%A8%8A%E6%98%AF-%E7%99%8C%E7%97%87%E5%89%8D%E5%85%86-031900393.html,214
9,【錯誤】癌症和寄生蟲有直接的關係？吃驅蟲藥治療？不實說法！專家詳解,2024-10-13,網傳「癌症和寄生蟲有直接的關係」貼文，提到「癌症其實就是細胞內寄生蟲」，「用驅蟲藥治療晚期癌症，腫瘤迅速消失」等內容。但專家表示，肝吸蟲會造成肝癌、埃及吸血蟲會造成膀胱癌，醫界已知會造成癌症的寄生蟲都能一一列得出來，以台灣為例，寄生蟲造成的癌症只佔 1% 以下，以台灣的公共衛生條件，民眾不需要擔心寄生蟲癌症的問題，寄生蟲不是台灣需要的擔心的癌症危險因子。,Yahoo Entertainment,https://tw.news.yahoo.com/%E9%8C%AF%E8%AA%A4-%E7%99%8C%E7%97%87%E5%92%8C%E5%AF%84%E7%94%9F%E8%9F%B2%E6%9C%89%E7%9B%B4%E6%8E%A5%E7%9A%84%E9%97%9C%E4%BF%82-%E5%90%83%E9%A9%85%E8%9F%B2%E8%97%A5%E6%B2%BB%E7%99%82-%E4%B8%8D%E5%AF%A6%E8%AA%AA%E6%B3%95-%E5%B0%88%E5%AE%B6%E8%A9%B3%E8%A7%A3-001000703.html,212
9,韓女星罹患舌癌原因曝光 竟然是因為「蛀牙」嚴重到變成癌症,2024-10-16,韓女星罹患舌癌原因曝光 竟然是因為「蛀牙」嚴重到變成癌症,Yahoo Entertainment,https://tw.tv.yahoo.com/e-news/%E9%9F%93%E5%A5%B3%E6%98%9F%E7%BD%B9%E6%82%A3%E8%88%8C%E7%99%8C%E5%8E%9F%E5%9B%A0%E6%9B%9D%E5%85%89-%E7%AB%9F%E7%84%B6%E6%98%AF%E5%9B%A0%E7%82%BA-%E8%9B%80%E7%89%99-%E5%9A%B4%E9%87%8D%E5%88%B0%E8%AE%8A%E6%88%90%E7%99%8C%E7%97%87-153127148.html,213
9,響應十月乳癌防治月！黛莉貝爾攜手台灣癌症基金會　推動安心養護內衣計畫,2024-10-13,【健康醫療網／記者張慈恩報導】十月是全球乳癌防治月，不僅是一個充滿關懷與希望的月份，更是提醒大家重視乳癌防治的重要時刻。乳癌已成為台灣女性最常見的癌症之一，根據衛福部112年最新的癌症死亡率統計，乳癌僅次於肺癌，成為第二大致死原因。每天約有50位女性被診斷出乳癌，每年更有約2000至3000人因乳癌不幸離世。平時養成乳房自我檢查，及早發現乳癌潛在病變，是守護健康的重要步驟。 黛莉貝爾為乳癌防治應援！贊助100件乳癌術後重建內衣，幫助癌友重拾自信 台灣專業內衣品牌黛莉貝爾，與台灣癌症基金會合作推出「安心養護內衣計劃…,Yahoo Entertainment,https://tw.news.yahoo.com/%E9%9F%BF%E6%87%89%E5%8D%81%E6%9C%88%E4%B9%B3%E7%99%8C%E9%98%B2%E6%B2%BB%E6%9C%88-%E9%BB%9B%E8%8E%89%E8%B2%9D%E7%88%BE%E6%94%9C%E6%89%8B%E5%8F%B0%E7%81%A3%E7%99%8C%E7%97%87%E5%9F%BA%E9%87%91%E6%9C%83-%E6%8E%A8%E5%8B%95%E5%AE%89%E5%BF%83%E9%A4%8A%E8%AD%B7%E5%85%A7%E8%A1%A3%E8%A8%88%E7%95%AB-013000162.html,221
10,OpenAI 語音轉文字工具 幻覺問題嚴重醫療機構記錄或受影響,2024-10-29,"人工智能公司 OpenAI 的語音轉文字工具 Whisper 近來成為焦點，原因是多名開發人員、軟件工程師和學術研究人員發現 Whisper 經常產生幻覺，會虛構出原本不存在的內容，例如捏造藥物、種族評論和暴力言論。有報導指有醫療機構和醫生使用了相關工具，現時病人的病歷或因此受到影響。
The post OpenAI 語音轉文字工具 幻覺問題嚴重醫療機構記錄或受影響 appeared first on 香港 unwire.hk 玩生活．樂科技.",Unwire.hk,https://unwire.hk/2024/10/29/openai-whisper-big-problem/ai/,224
10,中國援助黎巴嫩緊急人道醫療物資運抵貝魯特機場,2024-10-21,中國援助黎巴嫩的緊急人道醫療物資運抵貝魯特國際機場，包含麻醉劑、一次性使用氣管插管、手術衣、吸氧面罩等65項。 央視新聞報道，物資共3601箱，當地時間星期一中午前運抵。 國家國際發展合作署發言人上星期表示，近期黎巴嫩和以色列局勢升級，黎巴嫩多地發生通信設備爆炸和空襲事件，造成大量傷亡。應黎巴嫩政府請求，中國政府決定向黎巴嫩提供緊急人道主義醫療物資援助，以幫助黎方開展醫療救助工作。,Yahoo Entertainment,https://hk.news.yahoo.com/%E4%B8%AD%E5%9C%8B%E6%8F%B4%E5%8A%A9%E9%BB%8E%E5%B7%B4%E5%AB%A9%E7%B7%8A%E6%80%A5%E4%BA%BA%E9%81%93%E9%86%AB%E7%99%82%E7%89%A9%E8%B3%87%E9%81%8B%E6%8A%B5%E8%B2%9D%E9%AD%AF%E7%89%B9%E6%A9%9F%E5%A0%B4-095739581.html,240
10,中方向黎巴嫩提供緊急人道主義醫療物資援助,2024-10-07,中方向黎巴嫩提供緊急援助。 國家國際發展合作署新聞發言人李明表示，近期黎巴嫩與以色列局勢升級，黎巴嫩多地發生通訊設備爆炸及空襲事件，造成大量人員傷亡。 李明說中國政府應黎巴嫩政府請求，決定向黎巴嫩提供人道主義醫療物資，幫助黎方開展醫療救助等工作。,Yahoo Entertainment,https://hk.news.yahoo.com/%E4%B8%AD%E6%96%B9%E5%90%91%E9%BB%8E%E5%B7%B4%E5%AB%A9%E6%8F%90%E4%BE%9B%E7%B7%8A%E6%80%A5%E4%BA%BA%E9%81%93%E4%B8%BB%E7%BE%A9%E9%86%AB%E7%99%82%E7%89%A9%E8%B3%87%E6%8F%B4%E5%8A%A9-045149092.html,232
10,倡中醫師增臨床考核及再實習　智庫促擴醫療記錄存取權限,2024-10-07,【on.cc東網專訊】中醫藥近年備受重視，本港首間中醫醫院亦會在明年底啟用。有智庫指現時中醫師資格試以口試和筆試為主、實習只是觀察為主，期望增設臨床評估考核及畢業後再實習安排。另外，該智庫又指現時中醫電子健康紀錄互通範圍有限，中醫師只能依賴病人轉述檢查報吿作診段,Yahoo Entertainment,https://hk.news.yahoo.com/%E5%80%A1%E4%B8%AD%E9%86%AB%E5%B8%AB%E5%A2%9E%E8%87%A8%E5%BA%8A%E8%80%83%E6%A0%B8%E5%8F%8A%E5%86%8D%E5%AF%A6%E7%BF%92-%E6%99%BA%E5%BA%AB%E4%BF%83%E6%93%B4%E9%86%AB%E7%99%82%E8%A8%98%E9%8C%84%E5%AD%98%E5%8F%96%E6%AC%8A%E9%99%90-041253671.html,233
10,公院連串醫療事故　議員促系統性檢討及改進,2024-10-10,【on.cc東網專訊】新一份《施政報告》將於下周三(16日)發表，鑑於公立醫院接連發生醫療事故及建築設備事故，醫衞界立法會議員林哲玄建議，政府在檢討《服務質素和病人安全系統》之餘，亦應把現有問題，包括高管問責不足、員工工作體驗不被重視，以及病人體驗不佳一直未能建,Yahoo Entertainment,https://hk.news.yahoo.com/%E5%85%AC%E9%99%A2%E9%80%A3%E4%B8%B2%E9%86%AB%E7%99%82%E4%BA%8B%E6%95%85-%E8%AD%B0%E5%93%A1%E4%BF%83%E7%B3%BB%E7%B5%B1%E6%80%A7%E6%AA%A2%E8%A8%8E%E5%8F%8A%E6%94%B9%E9%80%B2-044048542.html,236
10,動植物公園11猴死　楊潤雄：幾隻隔離猴子表現異常正接受醫療程序,2024-10-20,香港動植物公園昨日再有一隻接受隔離治療的松鼠猴死亡，使公園至今已經有11隻猴子離世。文化體育及旅遊局局長楊潤雄今(21日)在電台表示，有幾隻正在隔離觀察的猴子表現有點異常，情況有些反覆，目前正在接受醫療程序。,Yahoo Entertainment,https://hk.news.yahoo.com/%E5%8B%95%E6%A4%8D%E7%89%A9%E5%85%AC%E5%9C%9211%E7%8C%B4%E6%AD%BB-%E6%A5%8A%E6%BD%A4%E9%9B%84-%E5%B9%BE%E9%9A%BB%E9%9A%94%E9%9B%A2%E7%8C%B4%E5%AD%90%E8%A1%A8%E7%8F%BE%E7%95%B0%E5%B8%B8%E6%AD%A3%E6%8E%A5%E5%8F%97%E9%86%AB%E7%99%82%E7%A8%8B%E5%BA%8F-022036675.html,241
10,嬰兒無塵室空氣清淨系統Baby Clean Room問世！把醫療等級的 PM2.5 淨零環境搬⼊家中,2024-10-14,"由鼎創達與研能科技研發並首創推出專為孕婦及嬰幼兒家庭設計的 Baby Clean Room 系統，打造全球第一個以醫療级無塵室潔淨規格的居家空氣清淨系統嬰兒無塵室。由鼎創達與研能科技研發並首創推出專為孕婦及嬰幼兒家庭設計的 Baby Clean Room 系統，打造全球第一個以醫療级無塵室潔淨規格的空氣清淨系統「嬰兒無塵室 Baby Clean Room」，帶來史無前例居家 PM2.5 極致淨零的空氣品質，每天不再吸入大量空氣污染物傷害健康。
鼎創達集團董事長莫皓然表示，這項申請全球 1,892 項專利，而目前已…",Techbang.com,https://www.techbang.com/posts/118867-the-baby-clean-room-air-purification-system-is-here-bring-a,222
10,政府為廣東院舍長者分擔部分醫療費　門診最多一年資助一萬元,2024-10-21,【Now新聞台】政府將為參與廣東院舍計劃的長者分擔部分內地醫療費，門診每年最多資助一萬元，住院則最多三萬元，亦將檢視關愛隊服務，不排除數目日後有增減。 近年不少港人選擇在內地大灣區城市養老，施政報告提出優化廣東院舍照顧服務計劃，分擔部分長者的內地醫療費。勞工及福利局局長孫玉菡表示，大部分大灣區城市香港長者只需居住滿半年，可獲得居住證，從而合資格購買醫保；政府會為這些入住合資格院舍的長者購買醫保，並分擔當中的共付額，門診最多一年資助一萬元，住院一年最多三萬元。勞工及福利局局長孫玉菡：「一萬元的門診費用，意思是如果一…,Yahoo Entertainment,https://hk.news.yahoo.com/%E6%94%BF%E5%BA%9C%E7%82%BA%E5%BB%A3%E6%9D%B1%E9%99%A2%E8%88%8D%E9%95%B7%E8%80%85%E5%88%86%E6%93%94%E9%83%A8%E5%88%86%E9%86%AB%E7%99%82%E8%B2%BB-%E9%96%80%E8%A8%BA%E6%9C%80%E5%A4%9A-%E5%B9%B4%E8%B3%87%E5%8A%A9-%E8%90%AC%E5%85%83-100907112.html,239
10,施政報告 2024｜200 元以上烈酒減九成稅　陳肇始、劉澤星等醫療界 130 人聯署反對｜Yahoo,2024-10-15,【Yahoo 新聞報道】特首李家超今（16 日）發表任內第三份《施政報告》，據悉政府有意減烈酒稅。立法會醫療衛生界議員林哲玄、前食物及衛生局長陳肇始、港大醫學院院長劉澤星、東華學院校長陳慧慈等逾130人聯署，反對減烈酒稅。聯署指出，本港醫療體系面對人口老化、慢病增加的巨大挑戰，「以減稅鼓勵飲用烈酒的話，多了酒精引致的疾病恐怕變成駱駝背上的最後一根稻草」。,Yahoo Entertainment,https://hk.news.yahoo.com/%E6%96%BD%E6%94%BF%E5%A0%B1%E5%91%8A-2024%EF%BD%9C200-%E5%85%83%E4%BB%A5%E4%B8%8A%E7%83%88%E9%85%92%E6%B8%9B%E4%B9%9D%E6%88%90%E7%A8%85-%E9%99%B3%E8%82%87%E5%A7%8B%E3%80%81%E5%8A%89%E6%BE%A4%E6%98%9F%E7%AD%89%E9%86%AB%E7%99%82%E7%95%8C-130-%E4%BA%BA%E8%81%AF%E7%BD%B2%E5%8F%8D%E5%B0%8D%EF%BD%9Cyahoo-033315530.html,234
10,施政報告2024 | 廣東養老長者獲資助部分醫療費用,2024-10-21,政府明年推行「資助綜援長者入住廣東安老院」試驗計劃。勞工及福利局局長孫玉菡說，可以讓現時居住在不適切居所的綜援長者，有多一個選擇。 另外，當局會為在廣東養老的長者，分擔部分當地醫療費用，每年門診費上限1萬元人民幣、入院費上限3萬元人民幣。 至於「大灣區青年就業計劃」，當局正探討將推行「雙向安排」，讓灣區青年亦可來港實習。,Yahoo Entertainment,https://consent.yahoo.com/v2/collectConsent?sessionId=1_cc-session_acaed55f-6eba-4b4c-8728-15025a52ef35,237
10,施政報告2024｜盧寵茂：檢討收費是善用醫療資源縮短輪候時間,2024-10-17,醫務衞生局局長盧寵茂表示，現時醫院輪流時間長，某程度上跟收費有些關係，公共資源並非無止境，強調應該做好針對性補貼，幫助經濟有問題、危重病的人。 盧寵茂強調，輪候時間牽涉到不同因素，當中包括檢討收費，重申並非簡單加價，不會依據通脹率，目標亦不是想增加庫房收入， 最大的考慮是善用醫療資源，針對性補貼需要幫助的人，達至縮短輪候時間。 盧寵茂表示，基層醫療健康服務是其中一個重點，如果基層醫療健康做不好，所有病人，無論大病、小病、慢病都湧去醫院，少少問題就要看專科，絕對會浪費很多資源。 醫院管理局行政總裁高拔陞表示，縮短輪…,Yahoo Entertainment,https://hk.news.yahoo.com/%E6%96%BD%E6%94%BF%E5%A0%B1%E5%91%8A2024-%E7%9B%A7%E5%AF%B5%E8%8C%82-%E6%AA%A2%E8%A8%8E%E6%94%B6%E8%B2%BB%E6%98%AF%E5%96%84%E7%94%A8%E9%86%AB%E7%99%82%E8%B3%87%E6%BA%90%E7%B8%AE%E7%9F%AD%E8%BC%AA%E5%80%99%E6%99%82%E9%96%93-120214562.html,235
10,施政報告2024｜盧寵茂稱基層醫療署可分擔衞生署涉治療的工作,2024-10-25,施政報告提出會全面審視醫療體系的定位和目標，改革醫管局、衞生署和基層醫療署的職能和分工。醫務衞生局局長盧寵茂表示，新設的基層醫療署可以分擔衞生署涉及治療方面的工作，形容新改革屬大工程，必須盡早處理。 至於「1+」審批機制將於下月一日起擴展至所有新藥。盧寵茂在一個電台節目提到，香港現時若再採取保守、被動的審批機制將落後，所以希望做到一個主動、積極的審批工作，令藥物更快到港、價錢降低，亦可以發展相關產業，但強調即使更改審批模式，藥物的質量、安全、效益仍是最重要。,Yahoo Entertainment,https://consent.yahoo.com/v2/collectConsent?sessionId=1_cc-session_894e0bef-b473-4ae7-95a0-d36ec3415e4d,230
10,施政報告2024 | 醫管局歡迎有關醫療服務措施,2024-10-16,行政長官李家超發表新施政報告，醫管局主席范鴻齡歡迎報告內，有關醫療服務措施，相信有助提升公營醫療服務及可持續發展，以加強對病人的支援。 范鴻齡說，醫管局歡迎政府推動社區藥房的相關政策，會改善藥械採購程序，大幅縮減新藥引入藥物名冊的時間，透過理順和集中採購流程，促進成本效益及保證醫療資源用得其所；亦會進一步整合全港兒科服務，讓香港兒童醫院，更好發揮其功能，促進研究發展和專業培訓及開拓更多服務，如擴大新生兒篩查範圍、腦神經系統疾病治療等，提高本港兒科服務的質素。 醫管局表示，將加強專科門診的分流制度及轉介安排，使病情…,Yahoo Entertainment,https://hk.news.yahoo.com/%E6%96%BD%E6%94%BF%E5%A0%B1%E5%91%8A2024-%E9%86%AB%E7%AE%A1%E5%B1%80%E6%AD%A1%E8%BF%8E%E6%9C%89%E9%97%9C%E9%86%AB%E7%99%82%E6%9C%8D%E5%8B%99%E6%8E%AA%E6%96%BD-135909919.html,229
10,智慧醫療產業之資安議題分析,2024-10-02,目前全球許多國家已邁入高齡化社會，在人類壽命延長之情況下亦增加相關慢性病的照護需求，但同時醫療機構又因為勞動力下降與醫療工作環境不佳等問題，面臨人力不足的情況，而智慧醫療解決方案有望透過自動化與智慧化的管理與工作流程緩解此困境。 除了照護之外，若回歸到原本治療目的來看，AI的導入更進一步提高醫療處置...,Technews.tw,https://technews.tw/2024/10/03/smart-medicine-information-security-issues/,225
10,東區醫院 76 歲病人插錯鼻胃喉　實習醫生睇 X 光片判斷錯誤　一年兩宗同類醫療事故︱Yahoo,2024-10-10,【Yahoo新聞報道】東區醫院今日（ 10 日）公布一宗醫療事故，一位 76 歲男病人入院檢查，醫護人員錯誤將鼻胃喉放置在支氣管位置，惟實習醫生檢查X光片未有發現。,Yahoo Entertainment,https://hk.news.yahoo.com/%E6%9D%B1%E5%8D%80%E9%86%AB%E9%99%A2-76-%E6%AD%B2%E7%97%85%E4%BA%BA%E6%8F%92%E9%8C%AF%E9%BC%BB%E8%83%83%E5%96%89-%E5%AF%A6%E7%BF%92%E9%86%AB%E7%94%9F%E7%9D%87-x-%E5%85%89%E7%89%87%E5%88%A4%E6%96%B7%E9%8C%AF%E8%AA%A4-%E4%B8%80%E5%B9%B4%E5%85%A9%E5%AE%97%E5%90%8C%E9%A1%9E%E9%86%AB%E7%99%82%E4%BA%8B%E6%95%85%EF%B8%B1yahoo-091811556.html,227
10,林琳憂兒子斜視每次檢查上千元　民建聯發布倡議書促政府完善兒童醫療服務,2024-10-06,"兒童免疫力較低，除了不時患病，還需要自小進行不同的身體檢查。民建聯發布促進兒童醫療服務發展倡議書，包括建議在醫管局普通科門診新增兒童預約專籌、每年派發2,000元兒童醫療券等。 民建聯今日舉行記者會發布倡議書，立法會議員林琳育有1名剛滿1歲的兒子，她分享個人經歷，指懷疑兒子的左眼患有斜視，和先生不停為應否看醫生而",Yahoo Entertainment,https://consent.yahoo.com/v2/collectConsent?sessionId=1_cc-session_eb721db5-148d-4d41-9332-a4171f66d51f,231
10,盧寵茂晤海南省代表團　探討兩地醫療衞生合作空間,2024-10-17,醫務衞生局局長盧寵茂今日與海南省人民政府副省長謝京及其率領的代表團舉行會議，向他們介紹新一份施政報告內，有關發展香港成為國際醫療創新樞紐的多項措施等，並探討兩地在醫療衞生範疇合作的空間。 盧寵茂表示，特區政府一直按照「優勢互補，互利共贏」的原則，在有利於內地與香港醫療發展的前提下，加強與內地各省市在醫療服務發展方面的合作，共同提高醫療水準。,Yahoo Entertainment,https://hk.news.yahoo.com/%E7%9B%A7%E5%AF%B5%E8%8C%82%E6%99%A4%E6%B5%B7%E5%8D%97%E7%9C%81%E4%BB%A3%E8%A1%A8%E5%9C%98-%E6%8E%A2%E8%A8%8E%E5%85%A9%E5%9C%B0%E9%86%AB%E7%99%82%E8%A1%9E%E7%94%9F%E5%90%88%E4%BD%9C%E7%A9%BA%E9%96%93-125522468.html,226
10,衛福部成立三大 AI 中心！致力打造智慧醫療強國,2024-10-07,衛福部宣佈成立負責任 AI 執行中心、臨床 AI 取證驗證中心、AI 影響性研究中心，解決 AI 醫療應用落地、取證、給付三大關鍵議題。,Inside.com.tw,https://www.inside.com.tw/article/36431-healthcare-ai-center,223
10,醫管局第2季呈報5宗醫療風險警示事件,2024-10-25,【Now新聞台】醫管局發布《風險通報》，今年第2季呈報5宗醫療風險警示事件。其中一宗是6月伊利沙伯醫院實習醫生將鼻胃喉誤插至病人支氣管，亦有一宗胸部錯誤部位施行程序個案；有3宗手術或介入程序後，遺留工具或醫療物料在病人體內，包括紗布、5.5厘米引流管和髖關節置換手術期間，軟軸破裂並留下金屬碎片；另有24宗根據重要風險事件類別呈報的藥物事件。 #要聞,Yahoo Entertainment,https://consent.yahoo.com/v2/collectConsent?sessionId=1_cc-session_53b7ce09-faeb-4b69-b78e-31fa12652e16,228
10,黃大仙醫院復康醫療護理部病房出現產碳青霉烯酶腸道桿菌個案組群,2024-10-02,東華三院黃大仙醫院復康醫療護理部一個病房，出現產碳青霉烯酶腸道桿菌個案組群。自上周三起，先後有3名男病人確診，年齡介乎56歲至87歲，其中1名男病人因病情持續惡化離世，另外兩名病人情況穩定。 醫院發言人表示，3名男病人經檢測後，確診帶有產碳青霉烯酶腸道桿菌，當中1名病人已轉往香港佛教醫院繼續接受隔離治療，另有1名病人今日出院。 醫院表示，會根據既定指引，繼續對病人的密切接觸者展開追蹤篩查，並已加強執行各項感染控制措施，另已將有關個案呈報醫院管理局總辦事處及衞生防護中心跟進。,Yahoo Entertainment,https://consent.yahoo.com/v2/collectConsent?sessionId=1_cc-session_f28d7592-f21c-47c6-b9bc-2b858e7e6afa,238